ID;Observation
58;tons van alaam, k'en zoe nie kunnen zeggen wie'n da me nog wel an
55;azo 't en was do niet eschikt vo
44;anders 't was al niet te doen in de winter
47;o je niet en sloeg, 't en geraak nie et ot nie eerder was - 't en geraak ok nie uit
56;en o je moeste lassen zonder iezer, 't was alsan e flauwe lasse
48;in oeze stiel, ten kon nie gedaan zijn overtied alleene
43;en overtied 't was ton asan zeker twee op ieder perochie
45;en op e schonen dag, e, k'en tons moeten weregaan in 't kamp
46;achterno 'k en meuge nie klagen
49;nu 'k gon nog een beetje klappen van d'anes were vo den twiede keer
50;en nu, in 't jaar da me nu zien, 't is nu a peu près al trakteurerie e
51;voor de smisse woaren 'k (?) zinne ne
52;overtied 't woareen nog wiendmeulens ier aan Kasselberg
53;en vor da die meulen do ekommen is, die do nu is in Bavinckhove, 't was e kalkoven
54;nu ' t zien al machienen die al gaan met den elektriek
57;mo overtied t was gin werk de precision zoe je zeggen
59;en nu goh m'en 't al
151;maar geweunlijk was 't in de voornoene
149;en me een derop was 't al zeventiene he
150;o 't hij niet te vele - nateurlijk 'k moe nie zeggen - messin is maar e ge kunt da nie beter zeggen e
148;de vuventwintigsten van juli is 't Sint-Jacobsdag
63;aje gin kaffie meugt eni / 't smaakt goed
68;a'k entwie bij mij en, 't moet e chauffeur zijn
69;maar aje zijt op een vlieger en je ziek zijt, 't en deur nie lange
70;maar aje zijt op 't schip en je ziek zijt, 't deur altements fraai lange
62;in Duinkerke 'k e vele bloemen gezien
66;en van de rue de la Gare 'k zijn ton komen weunen hier in 't Boerenhof
60;en nu 't valt al op mien
61;want vanden uchtend 'k heb  begonnen aan 't kuisen
64;en achterna 'k zijn toen komen wonen daar ja
65;en toen 'k zijn-
67;en dan e 'k et laten gaan
71;binst den oorloge et 'n ook eweest
119;nateurlijk 'thangde weeraom af van de bemestinge
120;en nu 't zijn der al van drie vier sneen e
79;tandis nu, 't is etrokken met de machinen
81;maar aan sommige prochiën lijk Ondezeele iereop zijde, 't is raar den zondag dan ze niet nog en bollen enee
82;maar ier, 't en kunste nie meer zijn e
72;ip d'elde van veertien jaar k'en begunnen gaan met de peerden
73;maar an'k jong waren, voor an'k wrochte d'r mee 't waren nog 'outen wielzolen
74;overtijd 'k ebben eweten om de strobbels omme te doen, ze waren al ommedaan met de benoote
75;en van te maarte tijden 't was een bende van dertig, veertig menschen / die uitgingen om terwe te beginnen braken
76;'k en ik onthouden an 'k karton was, overtijd / 't moest al eleverd zijn van 't gene die haam van 't pachtgoed van de peerden
77;ja in dieën tijde ongelukkiglijk a 'me kwamen aan de statie, 't was die 'oogte van moeze
78;en in de winter als 't alsemets een keer stijf koud was, 'k most nog alsemets e bote 'ooi smijten up me berre om niet te vervriezen
80;'k ebben onthouden een keer / me waren bezig met vlas afslaan
83;a 'k ik jongen waren, langen de grote route die daar gaat van Duinkerke aan Rijsel daar, den donderdag 't waren juste de boeren die gingen met nulder voituren
152;goja a 't jeen e die etwa kan lupen, 't is nog geestig om te kijken
156;nu a 't er ergens twientig joenges zijn, laat ons zeggen, 't zijn der tiene die voortleren bijkan
162;en o't ne keer gaat, 't en e da 't nieën deugt
159;nateurlijk 'k a een rebbe of twee gebroken zeker
163;natuurlijk 'k a were ne ki dust
158;en aje da voer stekte 't wa ook door uw dommighie zeker?
153;in 'n oorloge van veertiene-achttiene e'k mee ossens gewerkt
154;an ze werktigen vroeger 't ston een vuistje diepe
155;lik verlede jare was 't goed
157;en als hij al flink geslagen had 'k mocht daar zitten op mijn knieën met mijn handen omhoge
160;tegenwoordig es 't den besten artikel
161;en nui is 't euh, voor den eersten april
191;deur da 'k een broere ad die ouder was en 'k nooit zelve moeten bakken
190;en on ol die bloemen in die reke daar bloeien enei, 'k en kunne nie zeggen oe schone da 't is
188;vooreerst t is da stille en skone
189;en ten tweede 't is 't is eindelijk skone enei
186;maar over e jaar of tiene, 'k geloven nie dat er vele van de Kemmelnoars wisten 
187;de lesten tied zien 't ol nieuwe chefs die ekomen
122;maar anders was 't altijd de nacht
124;teurlijk 'k mosten van de messe na 't schole e
121;zevenentwintig jaar en acht maanden en dertien dagen, dag i dag, et 'n naar de ko van de meur gegaan, ewe, in 't eerste nateurlijk, eer da de ko van de meur was, altijd no de meur
123;nu ist elk nen 'orink e
125;van (=want) in 1911 en 'k goe weten die tente wegvliegen me orgel en al e
216;zodus, 'k vielen ertussen
199;vo mijn persoonlijk zelve en'k da nog gedaan binst den oorloge
204;'t is ier toch nie vele we, oftewel is 't e grote prijs
193;nateurlijk 't was nie bebouwd lik nu e
194;zelfs 't kom zo verre bi enigste jaren dat euh 't bad dus aan 't dorp gaat verbonden worden
197;en nateurlijk 't is ton hele feeste
200;anderszins, 't was moeilijk om aan diereneten te geraken binst den oorloge
202;en nateurlijk, 't waren vliegmachientjes ja, etwat van niet e
211;ja nateurlijk, 't is ook van gisteren nie van 't gen dame klppen
212;ja nateurlijk 't zijn nog geen trakteurs e
214;nateurlijk, 'k was de kleinsten, 'k mocht ik ook mee he
215;anderzins, 't was 't front in Nieuwpoort
218;aja ma nateurlijk 't was nie lik nu
223;nu in alle geval 'k verlange derachter
195;en ton van 't dorp was 't met 't peirdetrammetje, ziet
196;en ton is 't land
220;en van daar zijn 'k naar 't legere gegaan
192;nateurlijk als ze kwamen achter geld, 'k hadde geen tijd en k sproeng er were af e
198;ton is 't opening van de kerremesse
201;neeuw, want an ze bommen smeten, twas meest ip 't plein e
203;maar lik nu 't is een militair vliegplein
205;in 't seizoen lik in de wintere is 't zelfste
206;want voor den oorloge 'k geloven dat dat tweehonderd gebouwen schilde
207;maar nu 'k geloven dat 't al bie de duusd is
209;nateurlijk nu zien 't al motoreboten
210;enne toen was 't met- met de zeil
213;'k zijn ton euh in 't jaar 15 / 'kzijn (toen) daar gepakt geweest van de gendarmes
217;en voor 40-45, 'k was t'oud
219;nu z'en dop z'en kindertoeslag ja, z'en van alles
221;en omme drie jaar omme waren, zijn 'k ton weggegaan naar Frankrijk
222;en toen zijn 'k were naar Bouchoi gegaan
224;'t jarent (= volgend jaar) ga'k ip mijn pensioen
225;en toen als ik gaan op mijn pensioen zijn, on 'k gelijk en, ja kgaan ton gaan gaan visschen als 't schoon were es 
226;ewe passeerde jaar 'k en der ke e keer of drie geweest, maar te gink nie meer 
227;'n eersten dag da'k ging 'k had der achte
208;zo juste kun 'k et nie zeggen
238;de meesten deel doen 't twee keren en daarmee 't is gedaan
235;nu, als 't te droge is 't is gevaarlijk- 't en is nie wel
236;en als 't te nat is 't is nog slechter
237;anders 't zou entwat - 
232;natuurlijk 'k peizen dat maar vertellingsjes zijn 
233;anderzins, 't dunkt me dat Vontje was
230;maar in Leisele was 't de septembermaand
240;rechts is 't naar 't Blauwhuis enee
228;in den tijd 't e een gestaan te Commeynes
229;vroeger 't was de stuite enee
231;a'nk ik nog naar 't schole ginge na Leisele, 't was alsan in septembermaand
234;anders 't zijn al grote bondels...
239;ma wanneer dat 'n ga gaan, 'ke weten nog nie we
4;en on ze nie zere affeseren vo te jongen, 'k zou ze ne keer een inspuitinge geven ook
7;'t is altijd 't zelste: a 't er een grote ipbrengste is, 't vermindert in weerde e
1;oftewel 't was tewege Lendele ofwel St.Eloois-Winkel
2;en als 'k ik maar 20 jaar en was en 'k hoorde van van een die trouwde die die dertig jaar was, 'k peinsde zuk een oude, wate kan da nog doen
3;ma nu de laatsen tijd e'k altijd chance gehad: t'es altijd bij dage daze gejongd hebben
5;aja binnen 8 dagen est were stemminge e
6;en achter een jaar of twee, 't komt dat den hoop veel te groot is
8;overtijd twas met d'and
247;en o'n ze dor de dans, durven dansen, 'k zeggen, me zien vors
250;a'n 'k moeten etwa verkopen 'k koste gin eten doen
253;a'k buitengewist k'ad 't ook liggen he
256;zolange of da n 't Belgische soldaten lagen, was 't al wel
258;o je wilt zegt 'n, 'k wille meegaan
255;en in Rosendale wierden 'k do gepakt,
241;en tegen da me goed up d'oogte waren, 't was oorloge
242;' kben al tachentig jaar gewist, den achtsten van april zien 'k enentachetig
243;mo os 't seizoen gedaan was he, 't was ton do niet niet, gin sous mi te bekommen up 't strand ee
244;mo nu 't is niet nu die voedig is enee
245;en in uzen tied was 't groensel ol naturel
246;en o't kerremesse was, 't waren van die grote draaiorgels
248;en o'm e door een bitje binnen gramatsen maken en dansen, 'k zeggen ''k gon ik naar de keuken'
249;en in ene keer o'n'k e bitje gedansen en 'k gon no 'em
251;tegen da je gie e bitje verstand adde ne was al weg
252;en o' ter do een bomme kwam, 'n 'uulde van 'n einde ver
254;en o't n doa kwam n'a gin pas, ne koste- n was nie geleerd, n'a geen bewies vo were te keren
257;en 's nuchtends 'k ging ton gan zoeken
165;van ons was 't persen
167;ma van ons was 't eigenlijk nog een iezeren deure die me nie mosten toeplakken
164;achter 'n eesten oorloge zin 't ton al steenenen vloeren en biedonnenen vloere gekommen
166;in den ouden tijd waren 't planken die die s'up den oven stamtigen en ze smeirdigen da roend
134;en vandaar is 't dan Ram
130;en as dn eerste keer op 't front kwam, 'n was ier in Ramskapel
131;anders t zou nie openkunn he
132;al da 'n ie l- nog gekunnen 'e't, a's 'n 'em placeerde he, et n moeten stelen me zijn ogen
126;s Navonds, ging 'k bij me' nonkel e beetje elpen, leren,
127; als ze ‘ierboven waren ‘k zegge “’t is goed” tegen hudder
128;en a'k van 't vissen kwam, 'k stake me vistuig daarin, en 'k kwam naar huis. 
129;Achter den oorloge was 't slecht met de krabben, wei.
133;a 'k ik moste leren breien he, 't was geen were wei!
12;en otn zeg ja 't kan nog evengoe neen zijn
13;ak zegge jaak, tis ja ik
15;en a'k ze breke kga ze betalen
14;ja nateurlik 't is een klein 'oekske
9;o'k deuregon 'k a ne smoetpot en ne beuterpot 
10;ma nu 'k en e niet mee
11;mo nu is 't al vernesteld
170;als er dedie mee begint, met haar (lompe?) poten, 't is altijd foutu 
168;ja 't tabernakel/natuurlijk/ k heb over 't tabernakel geschreven
169;dan is 't overgegaan, ja rond de zeventien-achttienhonderd en zestig, zeventig
90;ma om gin sabotage gedoan 't 'en, 't woaren mannen die sliepen derbie
92;nin a je pekt met den and, tis ezo, tis fijn e
93;a je pekt met de masjiene, 't is al vergoard in e boekee enni
101;en a't wel was, 't moste deruit wij
102;en anders a je 't zelfde bakt, 't is altemets nog nie altijd al gereussierd enni
98;en in 'n tied bie de peirden 't woas asan-
99;vous savez, in de peirdestal, 't woas e kamer derbie enni
100;in 't vlas 't waren dikwijls mannen van 't vak die kwamen te kopen, ziet
84;nog altied, 't is nog eervadere
85;a'k begunnen werken en, k wa nog thuis
86;want a ten oorlog gedeklareerd was 'k was nog thuis
87;'t jaar veertiene 't was nog al doschen met de vlegel
88;moar achter veertiene t e zere veranderd
89;maar 'k joengerder was, 't was altied raggen met den and
91;ma voor 't jaar veertiene 't was flauw enee
94;voor 't jaar veertiene 't was e beetje bier maja
95;ma nu, 'n dag van vandage,  t is nu aast contrarie e
96;en 'n dag van vandage 't is nog azo
97;en in 'n tied bie de peirden 't woas asan-
176;want aje gie azo nen 'ere tegen ui ad, 't was iet' te zeggen zun voor ne werkmens of voor nen boer
173;en de dagen da je Frans moest spreken was 't met een signe
179;anderzins, 't e to' properdre 
181;ma daarvan 'n kanne 'k nie vele klappen aja, 'n gink tons no in geen erbergen e
182;ma in elk geval 'k weet als ik da gink dat er altijd kaffie was mee ne grote klak jenever in
172;in den televisie 'k en kan da no' oren no' zien, no' verdragen he
174;maar in België was 't maar in 40
185;alhier is 't meest Westmalle
171;in juni gaat 't vijf jaar zijn da we naar ier komen wonen zijn
175;voor 'n eersten oorloge in 't meulekotse, e klein uh, awe kotse waar dan ze bonskies verkoch'n, 't wa tien centiemen voor op 'n verrekijker te gaan kijken
177;en achter 't schole was 't mee-
178;k vinne tegenwoordig da telt allemale niemre e
180;en sedertien no / 'k en dn ne keer ezien op 't kerkhof daar ook
183;in 't tij was't mee peerd en karre
184;o'k soldaat wa e'k ne ki de kantiene van de soldaten gedaan
26;zo van de keunink 't is 't zelste he
21;an 'k gene patat, 'k goenk en 'k polde patatten uit, 'k an patatten
25;moor oo'k dat en e, kga da voorstel in diene reporter zijn anden steken
23;en noor me dienkt, moor, vo mi', 'k an meer contentement door, in mijn ormoe, of nu in mijn weelde
16;o'k heel den nacht gedaan en, 'k komme naar huis voor 't eten
17;nu 't rinde niet
18;"o'k na die portiek gonk vo die kist; k stoon door met mijn pone (verloeren) kleren aan"
19;in de nacht, 'k an 't gezei oe of wa
20;'s Nuchtens 'k moste na mijn werk
22;en oo'k thuis kwamme van mijn werk, 'k goenk achter nen bus oet of twee
24;en nu e'k al da'k moeten en
27;en 's nuchtends rond te vieren, 'k horen mijnen 'ond bassen
113;ma van us 't was gin plankit
106;ost er ier een ogte is van e meter e 't is al vele
118;eigentlijk 't is wa
107;toen ip ulder land /  't waren nog enden waar de zee toekomt
108;woa da 'k ik alsan ewest en, woarda den ander zeune is, 't is geliek 'oast van grotte
111;ier is 't nog de streke van erweten
115;woar da 'k ik was, o'k kleene was, wo da'k etrouwt en, wost e kleete, leem
103;d'eeste keer da ze geschoten adden 'k deie de koeien
104;omme da waren, 'k zegge: kiek, die obuse springt!
105;en nu is  't een nieuw
109;nu 't zien nu al dubbelzolen 
110;ma nu van sedert achter 'n oorloge/ nu 't en is geen bende me, 't is edoan
112;nu 't zijn al dubbelzolen
114;o 'k ik twoalve, veertien joar oud was, 'k e nog gegoan met 't meest kiek van euh van mijn grootouders
116;en nu 't is e pekmachine
117;en nu 't is met de moteur en de machine, den trakteur en de machine
142;met de vakantie derbij 't was wel november geloof ik
140;o'k achteruit kijken, 'k zou nie kunnen geloven dat 't zovele veranderd is
135;no Sedan moste 'k in n eerste oorloge vo zes maanden
136;den elfsten dag zijn 'k daar vrij gegrocht
137;in 't jaar negentiene e'k em no 't front gevoerd, no Lampernisse
138;en o's ik thuis kwam, 't was wa anders
139;in 't eeste eet 'n gelopen
141;eer dat 'n thuis was, 't(= da perretje) was nodig berecht
143;en 't jaar drieënnegentig e 'k mn eersten diploma het
40;maar eigenlijk int Werviks 't is [Hèlwe] (=Geluwe)
39;van azo da je een beetje een col aan hebt, 't is ne rijken zeggen ze
34;wilt 'n die boek e keer passeren, t is wel
35;en wil hij niet, 't is ook wel
38;wel ja maar als ze azo dan Vlaams moeten kouten wel ja, 't is, 't is ip ze Werviks he
42;o je kijkt na de kaarte van Wervik he, euh 't et de vorm van een peer e
29;als ik kijk, 't is moeilijk om nog etwa 't hope te krijgen he nu
31;maja natuurlijk als ej in Brussel gaat, 't zijn al heren he, 
33;en anderzinds 't is afgelopen e
36;maar anderzinds 't is al studeren die poten en oren heeft nu
41;ten eerste 't is al een andere taal
32;want in 't Fransche 't en altijd grotere dageuren geweest of in Wervik
28;en ne keer ne grote kuis 'k e dat daaruit gehaald
30;en al buiten komen uit de kerk, 'k zegge: 'ma wuk wildje gij daar altijd met je stukn azo'
37;tussen ier en een jaar of twee, tga zijn aan 100 frank
259;moar bie gebrek an/ an tied go'k verplicht zijn van z'uut te trekken
260;o je 't klokje e bitje in de verte 'oort luuden, (t) 'n is niet stif luude, ezo lik met de schutteldoek in de schouwe
261;o 't weere nu goed voortkomt, wind en zunne, 't goat em gedeeltelijk uprechten
263;aja en o'k gin tomatesoepe maken, 'k moake ton zurkelsoepe
267;nu, 'k zeggen tegen zuster: 't en kunnen min ol nie schelen
262;lik nu 'k en in de waste gezeten
264;en 's navonds 'k alen ze toen weer in 
265;de maandagnuchtend 'kstond up
266;nu o'k azo een meisje wos van e jaar of twoove enei dertiene, 'k woas ollesziens geen van de fraaiste wei
268;o'k entwo ging gan werken, 'k en ladde mien an nieten
147;en niettegenstaande dadde is 'n der toch ipgekomen
144;maar als dat zomer was, als 't heet was, 't gebeurde al ne keer da ze begosten te rekken
146;ad het goe were geweest, tging een schoon opbrengste zijn
145;in Oest is t azo een beetje moeilijk voor 't inhalen e
293;en al te goare dat et stief veranderd e
294;ah in oeze stiel dat rapporteerde nie vele
297;van de 'n een op den ander dat liep op stoksjes 
296;domee da goenk azo
299;ol de ene ziede da was rond
300;en ol d'ander ziede da was vierkant
295;achterno is da ton die zuiens
301;mo nu dat is nu al stief veranderd 
298;lietje op lietje, da kuste nie gaan
374;en surtout voor de peerden, voor de koeien stak da zo nauwe niet
384;bie de boeremensen was dat een sieraad he
370;of anders dat en docht niet
373;aje eenen had en 'ie deed dat een beetje met verstand aan he, da' was voor een jaar of twee jaar goed
375;volgens da 'k ik nog kunnen lezen heb in Den Boer van de stallen voor de beesten he in de winter voor te doorwinteren he, is da nu gewoonlijk ne loopstal he, da's al
377;ah nateurlijk da was ton al ploeg he
378;maar andersinds / da was al hout he
380;en in 't einden wierd da gezaagd e
383;enne een vijfig centimeters alonder en omhooge kwamt dat azo een beetje schuins naar omhooge
385;maar geweunlijk in de kelder wierd da gedaan e da brood
371;vroeger bestond da niet
372;vroeger was dat al met de vlegel e
376;buiten tegenwoordig da's allemaal op korter ding he
379;en ton wierd da nateurlijk uitgesmoeid en in bussen gemaakt
381;en ton wierd da in klassen geleid
382;nu bestaat da nie meer he
386;en ton nateurlijk is da vanboven gebouwd met iezers, aan weerskanten een zwaar iezere
329;da je da zoe moeten in een gewone vuimme zetten, met 't zaad vanbinnen derin, da zou verhitten
330;aje ard were adden, de wind uit 't oosten bijvoorbeeld en da in acht tot dien dagen, wier da toen in e loeie gezet
325;en nateurlijk da was ook entwadde, lijnzaad zaaien
327;ma nateurlijk, naarmate dame verder kwamen, wier da zo zindelijk nie meer,-
323;ma voordien vo beuter te maken, (ma) da was nog etnwat te zeggen voor de boerinne we
324;wan in die laatste dertig veertig jaar is dat toch overdreven veranderd he
328;nu wordt dat al met de machine gezaaid e, joa't
326;in die genre wordt da gezaaid
302;maar in dien tijde dat, dat en was nie edaan
303;maar nu, dat is stijf veranderd
387;ja aje 't spel krijgt, dat en is niet he
390;als het dan ne ke begint te drogen en dat het goed gaat, da kan allijk goe zijn
391;mo a't wa voors slabbakt lijk da 't nui doe, da is alleszins de soorte nie e
395;ja ja als ik daaraan ga da zindert nog altijd voort
398;aah, on ze zijder nat zijn is da een voordeel voor ui
396;en aje u voet onder den auto stak da was ook van uw dommigheid zekere?
388;vroeger gink da lik ol zo zeere niet
389;die vrouwen he, altijd zit da rond oes e
392;maar anderszins, aje gie tot vijftien jaar na schole gink in mijnen tijd/ da was lange
393;ho anze wit brood meebrachten van thuis e, da was juste lik beuter dame ipaten
394;achter den oorloge eet da stillegevallen nje
397;en achternoar dat eed ton nog tamelijk gegaan
269;ma de laatste keer dat ie ersteld was, dat eeft gedaan geweest nje van een/feitelijk van een meulenmaker/van een meulenmaker van stiel
422;en dadeure is da een beetje aangewakkerd geweest
424;en daardeure zijn dat van verschillige landen e
427;o ze stief verre mosten, dat was nie derup leggen maar euh da waren zo tweee stokken 'out
431;anderziens met-met de grote regens in 't achterjaar enei dat goenk allemaal nie me goe zijn nje
432;ol ier dat is nog e keer een ander twot
421;nu is dat euh
423;nu dat is 't winterwerk die aankomt nje
425;vroeger, aja vroeger jaren da was-
426;maar nu dat is me e koretje schone dr langsten
428;maar eu vroeger da waren schalven die buiten stoegen he
429;vroegere waren dat al schalven enei
430;maar toen da was-
433;voor dan de pressen uutkwamen an de desmachinen vroeger was dat ebonden met n binder enei
331;zodus iedere keer datn sloeg eh, da was djoes, djoes
332;maar ier aan Vossens meulen dat is eigenlijk 't ware wijktje van de Zevekote
336;ewel, wo da Ko Snauwaert geweund et, da waren al uzetjes
342;wo dan we wieder weundeh, da was de Zevekote
338;van Ko Snauwaert da was z'n werk
333;nu wordt da nie meer gedaan
334;wan an ze vroeger in den oogst gingen werken ook, eh, da was e stikstje karremoes in ulder mond eh, voor den dust e meneer
335;ma nu wordt dat al nie me gebruikt van de mensen eh
337;en ot een beetje stormde he da vloog en da dei
339;mo voordien da was ier e keer een uzetje daar e keer een uzetje
340;omme wieder achter een 'orink goengen no Pol Duuyms eh, da was d'ogen uit'olen eer damme thuiswaren eh
341;van on de koeien in 't schorre goengen eh, da was e dag of twee de zunne derop
440;dus da makt da ter nie vele meer en is e
435;anders da was te kostelijk
437;eja alst vriest en danze nie kunnen werken ip 't land, da waren toen de knechten die de schure dosten
436;enfin nateurlijk das al van ier
443;maar nateurlijk, dat veranderde, z'adden geen peirden meer nodig en 't wierd al gemotoriseerd
434;en nu is dat vul gebouwd he
438;en jaat, voor den oorloge - nu komt dadde weer aan
439;en nu komt dat were
441;maar toen in uzen tijd da bestond niet
442;vroeger dat was e ploeg
444;jaja met die slopingspremie en al dat zoud allichte nog aan een veertig duizend frank komen
452;jama aje ze zelve zou samenstellen lijk dat 't zijn moet dat ware 't zelfde enee
453;natuurlijk, dat en 'et geen klank in zijn stemme lijk wijder
445;ewel vroeger jaren da was azo
446;ma nu dat en telt nu nie meer
447;an ze elve, twaalf jaar waren dat en ging aan de schole nie vele in de zomer, wè
448;voor den eersten oorloge was dat alzo
449;maar achter den eersten oorloge dat e geleidelijk veranderd we
450;voor den eersten oorloge was dat azo (1)
451;voor den eersten oorloge was dat azo (2)
271;en aje da vermenigvuldigt met twee, dat is- dat komt aan 44 weken
273;en ja, als dat al buiten droge was, da moeste toen ne keer gekeerd zijn, da kapelleke
270;en nu zou da moeten vijfentzeventig zijn
272;en overtijd dat was alle alle boerderij effenip
454;zodus da was..-
459;en doo'mee et dat allemale veranderd
455;langst die route da was al blank
456;en an Swartes da was een ouderwets us e
461;nu ier wo dat de boulevaard is, wo da 'n al die uzen staan ee, da was toen al bevestienge van an de sassen toe roend om roend, tot tegen de travers van de treings, gan de tram gunter e
462;mor ier was dat-
463;an de duvetorre van de Tempeliers die do van ze levens in den oeden tied ingezeten en, dat 'ad van al oender de groend toe an - toe an dienk gienk, toe an Wulpen
458;en bist da da water assan warmt, da warmt roer je do mor assan die blomme in ee
465;en deur den deur da koste daar algelijk nie meer houden
457;mo nu wei, dadde go nie dadde
460;nu is dat al plat he
464;up één nacht was dat allemale toe en z'en ze nooit mi gezien 
408;en noarmate da 't weer was wier dad opengeschud 
410;in een mande van witte wissen/ wierd da geplaceerd
405;en ip een barnenen vloer wuptige dadde
406;en ip ne lemenen vloer, sloeg da doad, weet wel
411;en da wierd up de mart- in 't stadhuis wierd da gewegen
412;in onze streke moest da gedaan zijn
399;en ton wierd dadde in grote schelven gezet no volgens 't bedrief
400;en ton was dadde -
401;en ot dadde dan ne kant beslegen was, gedossen was, moest da ton gedraaid worden
402;en ton wiert dadde de andere zijde gedossen
403;en anze enigte lagen gedosten an wierd da ton allemaal ipgebonden
404;maar ton kostje da gieten in de pinte me minder schuim
407;vroeger was da mee de zeise
409;o'me naar de markt gingen da was ton in stukken van drie kilo
413;nu wordt da nie me gedoan
344;natuurlijk dat zet em
345;maar van boven is dat de nekke van e klein peeregje
343;en 't jaar veertiene was dat ier allemale plat he.
346;maar vroeger da wier ebreid
277;mo daarmee bluft dat ier achtere
275;en aje gie daar 't Iengels 'oort spreken van die mensen dat is juuste lik of te zeggen ze zitn met een endeke koorde in under mond en ze knabbelen 't al in enden
276;als de tale ier nie goe genoeg is, en dat beter is nor een 'ogere tale te komn is da heel eenvoudig voor die minschen daar natoe te bringen
274;overouds was dat ier nog veel verbindinge met de zee
414;'t jaar 1773 moet dat geleefd 'ebben in 'Ansbeke
415;binnen veertien dagen gaat dat beginnen
416;want vroeger waren dat allemaal beelden die daar stonden
306;ma nu, o je pekt mert de masjiene, da was nauwe he
304;da ken ik nie we, bie nuus wordt da nie gedaan
309;en daar da bleef et erin tot (?)
305;in 't eeste da was etwat wi, e pekmachine
307;ja ma nu dat is nu al veranderd
308;ah in den ouden tied da wa 't werk
310;in 't joar veertiene en achterna dat et ol achtergebleven
418;voor de stad was dat allichte wel genoeg
417;vroeger wa da lijk nu
419;we, over vijftig jaar wa da nog, nog goe in trek he
420;ma achter 'n anceren oorloge ee dat begunnen verminderen
317;en van soorten van land date n groeit ier nie wel, patatten
314;o je in de schole eropene was en Vlams klappen, da gebeurde altemets e ke da je moste  etwa je les schuiven
319;nateurlijk, dat is toen navolgens 't werk da je moet doen en oe zwaar dat 't is vo te trekken
321;nateurlijk, dat es wree land
316;en in 't college was da 't zelste
320;mor ol de kanten van Wormoet is dat nog edoan met kleine boertjes
311;vroeger tijden da was zee ne
312;mo nu dat scheelt azo nie me
313;en toen dat is stief achtergebleven deurdat da verboden was in de scholen e
315;achterna toen da was 't zelste
318;vroeger da was al ezaaid met den and e
322;o den oest binnen was, ier vroegere, da was feeste
349;en azo da was ton keernen
348;zo, aje da wilt uitrekenen, da komt op een zeventien achttiene gemete
355;en o's er ton daar een grote kol aan was, eh, da wier ton getapt van 't vat uit de krane
347;van waar dat da voors'ekommen is weet ek zelve niet
354;maar anderszins da was al bier
350;mo van 't oezen na Blankenberge dat is twee uren
351;zo tegen da je gie u medicamenten adde, da was twee dagen of daaromtrent
352;om me wider no tschole ginge, da was alle weke
353;volgens da dadde kwam, os 't ip 't ende van de weke was, da wier ton verzet in plekke van de vrijdag op de zaterdag, toe de maandag
280;ja want aangezien dat den oorlog gedeclareerd geweest ed in, ding, in oogst veertiene, moet dat in oktober zijn gelijk of da 'k zegge
286;hier dat is juste goe voor in een kartonnetje te leggen en naar een zieke te gaan
290;En gunter op Geluveld, Kruiseke, dat is allemaal- dat is ol boereland e
291;en in de volksmond, in de volksmond dat is nog het kerkhof gebleven
278;in zeventiene da was hier al geëvacueerd
279;in - voor veertiene en zelfs nog binst den oorlog dat waren ier allemaal bomen in die straat ier
281;s nachts da stond daar al in vier en in vlam 
282;maar toen da moeste schone gedrukt zijn ip schoon papier
283;o kik keek in die kiezersliste, da was allemaal mensen die geboren waren of da udder vader geboren was: Besalre, Staden,...
284;oh alleszins over zeven-achthonderd jaar es da ier gevestigd in Wervik
285;en als het allemaal in orde was, de die zijn ton weregekeerd
287;in het Franse, laat ons zeggen sedert een jaar e een half, dat is ook formidabel naar omhoog gegaan
288;in het Franse, laat ons zeggen sedert een jaar e een half, dat is ook formidabel naar omhoog gegaan
289;voor veertiene da was azo een beetje populo
292;over tijd, o 'k ik een klein manneke wa, da was de strate van de rijke he, de Papstrate
473;en mee e bitje wind en e bitje reën da lig in de grond
469;o je goe ku maaien, meneere, da ligt schone in zwatjes, nog nie overdikke
471;os ge met de grote ploeg werkt, da kunde ook op verschillende manieren
466;aan 'andarbeid en ontbrak da toen nie
474;en o't daar e weeke stoat, in goe weere, is dat goed voor in de loeie te leggen
476;en met entwaar een brokke oude taliedraad dervoren, in e jaar of viere dat is toegegroeid
467;nu stoat dat in 't oud iezer, meestre
468;over tied was dat in out
470;overtijd da was eigenlijk met de ploeg
472;mo lik nu, dat is al watervrucht
475;nu is dat in bondels
360;en nu dat dat maar zo dik was he, da kwam azo zie 
365;en daardeur is da, ja,  vele gemakkelijker e
361;en anders da moest al gekuist worden met d'and e, die witte vruchten
367;aje da begost uut te rekenen, kolen, dat kwam ver ip 't zelste uut
368;allez die hele grote boeren die met al die beesten zitten n al, en als ze geen volk willen houden, de deze en 't nie gemakkelijk
369;en aje toen moet uutdoen en uutrijn en zaad daarbij zetten, dat is aan vijfendertig frank per ure mijnhere!
358;(j'e gie) waar dat de basseins zien in Oostende, dat was al schorre we
356;ten tiede da 'k ik naar 't schole ging, Robert, da was ook heel anders we
357;ma nu is da juste heel anders e
359;als wij jongers waren en als dat winter was, dat stond ook altijd vol water en me slierden wieder daarover e
362;nu wordt dat in reken gezaaid
363;achter den eersten oorloge dat wierd nog al voort gebakken e
364;maar nu zout da nie meer gaan
366;ma ton daarachter, dat is ton al - 
1177;ier overtied 't waren zeker 25 grote pachboeren
1180;en op die perse 't zijn misschien azo 50,60 veugels d'rop
1178;ier overtied 't waren zeker 25 grote pachboeren
1179;en nu peerden d'r zien gen nie vele me nu
1230;en daardeure kwam ter azo nen iezeren, e bare, een ronde, van ne centimeter of dertig hoger azo
1228;ewe zegt er da ommenekeer een
1223;ofwel waren 't ton veel boeren dien inhaalden in de winter azo als 't hard vroos
1227;maar anderzieds, 't was daar nie vele aan hee
1224;ze noemden dat de leest en al weerskanten stond er azo een e
1225;maar nu wordt er daar vele naar gezien ze
1226;en in de winter worden der al veel helders gewassen ook 
1229;en ton zijn der daar kussens ip gemaakt in leer 
1196;en onder de krane, wierd er daar een tele gezet, voor 't druipen
1193;Toen, daar en bestond nie anders of een ploeg en een ede
1194;en als ze hunter kwamen, 't zaten nog drie boterhammen in
1195;en toen in de bende, 't zat daar altijd entwaar enen of ene tussen die redelijk goe koste zingen he
1181;jama, a 'k ik jonk was, 't was er ook nog 'akkerd in 't water
1182;en nu 't zijn vele menschen van de steden die kommen te lande en die nulder een tweede huis kopen om te komen van de zaterdag tot de maandag
1183;oh overtijd, 't was 'ebold (= er werd veel gebold)
1233;ho van oes zaten er vele
1234;'t Avelgem waren er veel
1235;ip de perse staan der ma voo 50 schutters
1237;ewe daar staan der twee
1238;en in Ninove ad er da praktisch bijna nie geregend
1231;ma ton was er een op twintig
1232;mo ton was 't er enen ip twintig of ip dertig
1236;jaja, toen wierd er meer geschoten of nu bijna
1263;ja, o't da heel de winter moste buten staan, want oze zieder rond gongen met de machine - ten waren gin zovele desmachinen lik nu - de menschen, in (hebben) veerten dagen tied 
1261;bie die pit staat er daar e zo e pla- e plaake 
1262;o je ton e bitje verder gaat in die hele zware gronden, zien der daar ook dingen daje nie en ku' kweken enei
1259;en bist da ze zie daarmee bezig waren, kwam er een snel jonkheid tot bi nulder
1260;nu telange lesten gink er toen gedronken zijn ip de gezondheid van 't perretje Malegis
1197;bie oes zaten der veertiene
1198;toe Maantje Waeges zaten der elve
1199;toe Lewi Govaerts zaten der twaalve
1201;aan ene kant stond er een wuvetje en aan den andere kant e vintje
1200;van (=want) vroeger wier der do gevochten e
1266;en de zundag in de platse van een peird an dat tramtje waren d'r tzee, omdat er meer volk was he
1272;omme wieder geen en enee, 't zijn andere die der en he
1273;enne daar zijn der dingen aan
1268;ma nateurlijk ten is gin brouwerie nie meer
1274;ja nateurlijk 't zijn gin geboorten meer
1267;van aan de Terrasse toet aan de zeedijk waren ter ongeveer tien-twaalve gebouwen
1271;wan in De Panne zijn d'er nog vele meer kleine stratjes dan ier
1276;en toen van daar zijn d'r toen Franse dragonders n'us komen halen
1277;anderszins in e dageure 't was nie vele te verdienen he
1264;voor den andern oorlog van veertien-achttiene euh was 't er e statie in Koksijde-Dorp, ziet
1265;en de zundag in de platse van een peird an dat tramtje waren d'r twee, omdat er meer volk was he
1269;wel achter den oorloge van 40-45, waren d'r ier euh, aja oevele?
1270;en toen alle jare is 't er ier ton ne stoet
1275;voor den anderen oorloge waren 't er ier ook al
1279;anderzinsen ja, naarvolgens dan d'oude mensen toen vertelden was er een gang zeien ze
1278;lik waar dan Ameloots weunen, 't ebben daar ook paters op 'eweund wè
1160;en daardeure aja 't zijn der wel die zeggen
1161;anderzins o't er te vele rond de moere zitten, nje, 't worden der toen doodgelegen, jongen
1159;en in de mirreln zou 't er azo ne gank zijn he
1281;be van eigen, te gaf ie niemand niet
1282;mor opsiets de kerke ee, 't stoegt dor en grote grote kapelle met een oenzen ere kruus in 
1283;zo upsiets toen die kerke waren der bomen
1284;en tussen die bomen en d'ogestrate - de strate ier achter ee - stoegt er do e schole, zundagschole voor de joenges
1280;mor o'me azo een alf eure of drie kart mascheren, me kommen toe Vlassenaars boven, 't zitten do twee van, van de loodsboot
1285;en dat et ier, in den ouden tijd, waren der ier poorten aan
1241;maar aje 't van de tunne bie de krane in de kanne liet lopen was 't er veel schuim
1243;van twee personen, bijvoorbeeld, 't was eene peirdeknecht, bie een peird en de vette lag open azo in een reekse, moesten ze ton die twee man effenan dat er een schelle geploegd was
1239;en doar wieren der euh van twee grepkes ingemaakt of drieë
1244;wo dat er poteerde is, zit er scherpzand
1245;ma da was - albuuten an de meur up een boeenhof lagter doar een groat wiel 
1247;en in de middelt van de bedden lagter eh van essen tens een reeke vetten 
1248;nie meer op Oelem 't wordt gene meer gezaaid
1240;en ton was 't er daar een kleen bitje schuim ip
1242;en ton latere o't land moes/ o't moeste no 't land gevoerd worden, moest er daar een of twee personen, liek of danze on die vette laan up een kar of up een wage en in oopkes getrokken worden up 't land
1246;en ton wiertere vette ipgevoerd
1249;mo ton over 't zestig jaar wierd er veel vlas gezaaid
1211;ja en 't is daar vanboven aan 't gareel is 't er daar een ijzertje
1212;maar op da ijzertje, zit er e koperen roelette
1202;In Oostende was-t-er wat te beleven, ja't!
1203;Den 'oek achtere, was-t-er daar e, 
1204;daar op 't derde he waren der twee tuutjes die daar uitzitten
1205;en daarrond stonden der natuurlijk outn barakken
1207;Juste buten Oostende staat er een belleboeie
1210;En daar aan de statie he, ' t stond daar e cafe
1213;maar anderzins, bij de boeren werken der nie vele meer
1206;op een zeker moment komt er een obus in die barakke, goat die planke noa boven
1208;a 't 's avonds vuuve was 't kwam daarr een viske zitten in de vaart e
1209;moar a 't water afgetrokken was, toen was 't er 'ier palink genoeg, enee, te lande?
1165;mo an ze de echte Vlamse tale briengen no 't nieuw model, ziender al reedns in da 'k ik nie mee een kanne uutspreken
1167;aje nen ollander oort klappen, eh 't en goat toch niemand zeggen dat da een schone tonkval is
1168;aje em tennen stak 't zat pressienge vo were te duwen
1163;kijk,  gunter ligt er een een streke tegen aan de Noordzee
1164;oi wilt klaar en van 't zuuvre en van 't oudste dialect 'en, 'ier zindr nog die da spreekn
1162;in 't jaar veertiene - 'k ed nog gezei -  kwam ter ier nen Duuts
1166;da just achtere e't er een manneke  - et er een manneke met zien duuvne ip zien leerke do twientig minuten staan spreekne
1252;want ip ulder wapenschild staat er een toren
1251;maar eigentlijk er zit nogal veel ding euh in Gent
1250;en dan in 't Sint-Baafs uit euh Sint-Pieters 't was daar vroeger - 'k weet niet als ze er nu nog is - de abdij van Brussel 
1185;ja van Kassel 't was fraai veel volk (van kassel)
1186;maar in Kassel 't woaren doar -
1184;in 'n tijde 't woaren toen gin neuzen
1254;daarmee was 't er geen sprake van van Frans of Vlaams
1255;dré Tiegem e't er ook nen ast gestaan e
1257;van mijn eerste vrouwe in Petegem was ter ook een stokerie
1258;in de loterie weird d'r altijd 'evochtn
1253;eigenlijk euh voor, voor den oorloge  was er ij weinig politiek e
1256;ewe ne keer da Vital doo was, 'n weird voor den bos nie vele meer gedaan
1170;als ter een begravinge is van oudstrijders, 't is niemand in, maar een man of vuuve
1169;tegen dat 't eure daar was aan de Zwoane, 't stonden daar veel mensen
1188;ip oezen 'oek, 't waren daar nog olarinen, egow e, gasplekken
1187;ma toen 't was lik, 't is lik, 't was toen van alles
1189;en vroeger was er meer, was er vele meer
1190;in vroeger tieden nene, en nog, 't woaren veel uuzen alleene in de Belgique
1191;en dan woaren der doa gaten in omme kams in te steken
1192;ja nu 't is van alstom minder personnel gebruikt
1217;en o je em een beetje lege 'ield, 't was daar een grote kol aan
1214;en aan die salette was der een krepiere 
1215;en in de midden was 't er daar een gat
1216;aan kleine uizetjes was d'er assan een keldertje
1218;en sedertdien is der eigentlijk vele slechten gedronken
1171;voor geschiedenis, als 't er daar geen liefhebberij bij is, da foetert nie
1175;kom je van euh over Kruiseike, 't staat daar ook enigte- 't staat daar etwaar een met een strooien dak
1173;ten eerste 't en was geen fruit
1172;en in Oudekapelle daar entwa al de kanten van veurne daar ee, est er daar nog een grafzerke van die Van Elslanders
1174;ah ier, aje toekomt in Overleie, er zijn daar nog enigste oude mensen
1176;neenee, ip steenakker e't er nooi geen kerke geweest
1287;ja, up mien- up mien kalletjoeten wagen stoan d'er leren, zou me zeggen
1286;over tijd woaren ter met vuve, moar je vindt da nie mee
1288;ewel menere, 't jaar veertig stoegen der hier twee'onderdvijftig tot acht'onderd meters doren'agen
1289;o vader ier kwam weunen over 'tzeventig, 't stoegen ier tzeventig tachtentig fruutbomen
1221;heel 't dorp en al en heel de Grintweg, 't stonden daar maar twee hele lage 'uuzetjes
1219;in de laatste 150 jaar ister al vele veranderd alhier nee
1220;aja in de jaren da 'k klappen, van mien schooljaren, 't waren ier maar tussen de zeven en achthonderd inwoners we
1222;en t enden t jaar bluuft er bitter weinig over wi
1318;en daarmee al m'n geld was weg
1321;makt je moeste rekenen: roende boorden woaren e liede-
1315;awel nu de mensen zien ol emechaniseerd
1316;e lietje achterno de soldaten kwamen up
1317;en in 't jaar vijftiene de joenges zien ton up ekammen
1319;overtied 't land was ezo met heel oude zolen
1320;en ton achternaars de trakteurs zien upekommen
1381;de vuventwintigsten van juli gink alleman in gank
1382;en ton moet de pikke te vullen gaan
1383;en ton kwamt de machine nateurlijk voor af te desschen he
1384;maar euh ton zijn de machinen ipgekommen he
1385;en nu tegenwoordig moeten stallen ten minste van op de vloer gemeten naar omhoog he, tot vier meters hoog zijn he
1386;ja daarachter is den ijzeren ploeg gekomen
1324;tandis met de remorqueurs, remorqueurs trekken ze binnen e
1323;en dan van achter Klein-Synthen mijn ouders en geweund op de Branche
1322;toen n'oorloge e gekomen
1339;en deur 't rien da schokte he
1340;aje land adde dat een bitje vervuild was, eh ja, kijkt e keer, da vlas was daar al af voor oogst
1337;ma toen wierd die partije land beginnen bewerken
1341;en tegen da me een kwart voorder waren was da voer rechte getrokken
1338;en tonn nateurlijk zesse was drie koppels he
1325;on ze een lietje vuil waren, de butterapen mosten eschreept zijn
1328;'t maakt a' je naar enoeg kunde blijven, al 't gene die d'rop was, was voor joen
1326;in den tijd, Georges, a'me gongen met de bende met 't vlas 't vatje bier stoeg op 't ende van 't stik enee op een laatste
1327;aje mee ging met de batteuse de boerinne kwam af met bier en ze deed neur grote duime derin om der min- te minder moeten schenken 
1390;o-t-ie nie en kan meegaan, de vrouwe gaat alleene
1387;deurgaans winterterwe bringt meest ip
1392;zo boven de schutters werden de veugels ingevuld
1393;daar zijn der vele die zakken
1388;en juste lik dak em buitengooie, Mark e daar in 't deurgat
1389;en al me ne keer dien desser slaat ip 
1391;en waar da de vrouwe nie en mee kan es den boas nie toegeloaten
1292;en o't ie were een bitje verflauwde, nje die plankskes gingen were toe en ij ad altijd evenveel macht van wind e
1290;en naarmate dat die reglateur, dat da zere draaide, dat die reglateur open ging nje, die rieme sleerde.
1291;en naarmate dat de- dat de wind verfelde, zie je't, die reglateur ging open en ij trok de plankskes open
1436;anderziens de wiend goenk derin scheppen
1437;rond die pleine mosten ieder een … met entwa afzetten
1428;iep e maandag, kors achter 'n Thuyndag waoren er drie meisjes uit Ieper, e zeker Madeleine Gysseling, Lucia Lamersong en Maxima Vandendriessche - van zinne een avondwandelingsje te doene na de buiten
1430;mo achter n maaltijd ging da feestje voors
1431;maar e keer da ze buiten de Hei (=Stad) waren, begost da perretje zodanig zeere te lopen
1432;moar omme  keer begusten ol die vroumenschen die meisjes te bekijken me kwa(de) ogen
1433;maar als ze were biekwamen, was ' t kasteel met al die vrominsen weg
1434;en on ze were bij den ulderen kwamen, stoeg de karre stille
1435;maar nu de mensen zijn daarmee al nie meer content he
1429;trage en stille liep da perretje deur de straten van Ieper
1350;daje da nu moeste gebruiken, de mensen vallen dood achter strate
1342;tjaar 47 is me vader dood
1344;wan vroeger de mensen gingen ulder kruiden gaan zoeken zelve in de duinen e
1345;in 27 was de volle vlote van 't werk 'ier
1346;'s avonds atn goeng go slaen, uh, thuiskwam, waren ze gasten aweere gon slaen
1347;"en omme ton in 't schole kwamen he, de meester zei ton: ""Sijstje me wa zit je gie in je mond?"""
1348;nu is den tijd zodanigs veranderd mijn beste jongen
1349;nu zitten de mensen, me ziele-
1351;en 's anderendaags de bode kwam
1343;en azo den enen ad den andere bij z' n knekens he
1438;en nateurlijk deur den ouderdom den enen achter den anderen is weggegaan
1441;en dus de vis adde tijd van em te kweken
1442;dus al de veust is in stikken getrokken
1443;anderszins de vis kom vissen
1439;en nu is da vliegplein nateurlijk zere- aja
1440;alle dagen zijn d'er botsingen
1444;toen dieën tijd de butter ja was te diere
1445;ma nu de menschen en eten da al nie meer
1446;'t enden de maand, de facteur moet daar komen
1447;en ton wierd die vis-
1448;en 'tenden de weke, de vader brochtte zijn pree binnen
1449;ommeneke kwamen d'r soldaten buiten
1450;en toen van daar zijn d'r toen Franse dragonders n'us komen halen
1451;en al me ke, op e zeker moment, 't kork gaat weg!
1452;'t naaste weke gaat den droger d'r op
1293;en toen aja op teinde van de machine, kwamen de vezels toen daaruit
1459;en mijn vader de kogels sloegen daar langs zijn hoofd
1454;en van eigen, euh dinge zat achter us enee
1453;mo nu winnen de menschen alik nog e frank achter 't seizoen
1455;en lik of dat 'n 't zei, de deure gaat open en buten
1456;ewe en o'me thuiskwamen, moeder ad e pot me bru gemaakt
1457;en o't water ton in Nieuwpoort kwaamdede, ja de kaaie was toen lege van ze leven ee, da lag toen in plaktijd (?)
1458;en o't water overkwaam die balken sloegen weg en dreven weg no de Langestrate
1460;en o'k toen daar kwamen he, me moeder lag toen do ziek in Ostdunkerke
1396;en meete rake, mee den oektene rake mee azo ongeveer tien tanden en de tanden, ho, vuftien centimeters lank weird da ton al uitgekamd
1403;eigentlijk onze oede, ouderwetse moaiersgasten zeien:...
1394;en anze gebonden waren, de kleene, de kleene gasten moesten ze toen dragen en de grote moesten ze toen stuuken
1395;en ton wier die plooie omhoge
1397;in negentienhonderd en veertiene en d'Engelsche gewest toe up Oelem
1398;'s morgens 't eerste werk was-
1399;'s nuchtens t eerste werk was de koeien melken
1400;ton wierd/ de koeien gemest
1401;en ton den overschot van de stal wier gescheurd
1402;mo voor den oorloge van veertiene-achttiene kenden de mensen geen cement ne
1404;binst den oorloge woaren de bruggeliengen geren derbie vo ne ki te meugen nen terweboteramme t'eten
1405;en aje je brood uithaalt, j'n 'espe was 'piekfijn'
1406;en ton at dien ovenkoeke gebakken was, de joenges kwamen van verre gelopen
1407;zodus an ze gedaan an mee melken gink die melk na de roamere
1408;zodus aje keirn of is, je keirn- je beuter lig in e klomp
1409;en oge ton einde september was, wier ton de vette der up gevoerd
1410;o je ten komt je peird draait [oi] regs
1411;mor in de tied dad in bedden was en in gewennen wier de veur eest uutgeschuufeld, deure en were
1353;en z'an die belleboeie verzet en daarmee den Engelsman was 't gat gemist
1361;en aje gij rijdt, je loeien wrijven daarover
1362;want aje da nie 'en et, je loeien wrijven kapot
1352;en achter den oorlog is me broere gedemobilizeerd
1354;Als de vliegers ofkwamen van Engeland he, moeder zegt in ons bedde: ze zijn da wi. 
1355;En op e zeker moment, die bomme ging schuins van ons weg.
1356;en as 't achte was, dien boer die derbie weunde ging bij 'n 'em gaan zitten
1357;ad diene boer 's nuchtens te vuuven ipstaat die vint zit daar nog
1358;t jaar veertiene, mijn ouders vluchtten mee under gebuur die een boer was
1359;maar 't 's avonds, dien boer , die- dien boer die bij nem weunde was in Steenkerke gevlucht
1360;en toene is je kussen gemaakt
1363;en nu zijn de boerepeerden ook weg!
1296;en alleszins gaat ier de Vlamink nooit spreken met nen 'ollandsen tonkval
1294;nu gaan de zwalms naar Afriek nee
1295;maar overouds gongn de zwalms na 't zomerland
1297;en 't jaar nadien goegn de krietissers an de gank eeh
1414;en daardeure stamden die Poekse/die Poeske 'eren zogezegd of lijk Aalter/ van de dink van euh Lodewijk van Male
1412;en zo zijn mijnen Tiesten en mijne Wieze geboren
1413;nu voor 't ogenblik den oudste meulen van Ruiselede is 'Ostens
1330;mo ak viftien, zestien jaar oud was, t'uzen, m'n vader ad e Brabander ekocht
1329;mo ak viftien, zestien jaar oud was, tuzen, m'n vader ad e Brabander ekocht
1331; tusschen d'ene an d'andere, 't land ga zo open
1417;ma anderzins ewe van verenigingen, 'n boerenbond bestond tons nie
1415;en daardeure zullen afgebroken worden de slechte huizen he
1426;maar thuis waren de mensen skui (schuw) van de paster  e
1416;oit meiske thuiskwam van 't pe- alle van 't schole, diene portatief staat er seffes te spelen
1418;binst mijn leven zijnder van 50 naar 60 herbergen verdwenen in Tiegem
1419;ewel in achttiene zijn der ie vele 'uizen afgebrand he
1420;in 39 è d'n oorloge uitgebroken 
1421;ondertussen de burgers die thuisebleven en hadden der ook van he
1422;maar in den tijd alleman zette zijn, zijn gerief toebak e
1423;en binst de weke kwam Charle zeggen: …
1424;in 'n ouden tijd de mensen kwamen naar Tiegem naar de novene, naar de negen dagen
1425;tons / Nolf ee zijnen dienst edaan binst 'n eersten oorloge
1427;maar anderzins tegenwoordig de mensen zoun ze nie meer wil'n
1302;moor aje van 'n eerste keer trouwt me je gedacht, met je gedachten 't is ol, dat gedacht bluuft
1303;moor als 't a van 'n eerste keer klakpot is, 't gaat niemand meer erstell'n
1304;oo'k et leven kunnen houden, al da raar is komt voor den dag
1298;als het 'snachts ten twaalven was, ten eenen, de masseurtjes kwamen met nen pot kafje en koeksjes
1299;s nuchtens van t evieren mijn oloom was gereed gedoon
1300;met mijne dood, de mensen zien al nie liebere(=vrij)
1301;en na mijnen dood, koning Albert ligt naast me 
1305;nen dag of drie naardien, de gendarmes komen
1470;in veertien-achttiene, den oorlog is verklaard
1332;en omme wieder Frans klapten tegen de joenges ene, d'andere mensen klapten Vlams en ze verstoengen noch 't een noch 't ander
1334;ier d'oude eegden worden gemakt me me me vier bolken, ne, me iezeren tanden ineslegene ni
1333;t anders van te voren was 't uzens asan groder eweest e
1335;nu, de kanten zien ol of ol met de ploef
1336;o den oest binnen was, die mensen goengen naar huis
1365;en had de korporatie nie bestaan, vele werkmensen gingen sterven van den honger
1366;alle, o'm em nodig adden, da ventje kwam geren
1375;ja natuurlijk de geur was heel anders
1367;envan alachter is die zeisen ie in z'n slagader geslegen
1369;en van boven kwam die room der up e
1376;toe Florand Bergens bestaan die bedden zeker nog
1364;mo nu die tijden zijn gepasseerd
1368;mo vroeger tijde wier de melk gemolken
1370;mo ton daarachter wier da soorte geglaceerd
1371;en ton daarachter zien die verlotten telen uitgekomen
1372;ton daarachter zijn de grote trekhonden gekomen
1373;zo ton daarachtre zjjn die kleine pony'tjes gekomen
1374;tegen da ze verhuisd adden, 'n 'elft van udderen bucht was gebroken he
1310;o't een beetje koud begunt te komen of 't een of 't ander, de moeder zegt tegen heure kleinen: mantje je moet je kruwatje aandoen
1314;want aje kijk in Komen, de winkels zijn duusd ki schonder of in Wervik
1309;maar anderzinds ja een Wervikaan op zijn eigen is ook nie preus he
1313;en toen nog Wervik heeft nooit vree intellectueel geweest he
1312;van een echte Wervikaan ga je dat horen
1306;en ondertussen is die paster Vehaeghe gestorven ee
1307;en da moment ton ten tijde van Leopold n tweeden de kiezerslijsten moesten alle jare gedrukt zijn
1311;a 'k ik in de muziek wa van 't kapittel 'ier, de chef zei: 'voor te beginnen we gaan- ewel we gaan een klein pardoubleetje spelen'
1308;en azo zijn ol die mensen hier gevestigd
1465;o je gie da nie e bitje begoot me watere en met wat natte zakken derup, je karteel viel verscheeën e
1467;o je gie nu wel zwit en je drinkt gie doar elk eure e groten demie, eh je beën kommen slap wei!
1466;en ook en ook da bier koste steif veel geld
1468;nu, da meisje deed mijnen 'oed aan
1469;nu, da meisje zet m'n 'oed, enei
1461;ewe, meestere, o'k ik e jongen was, Kamiel Doenkre was lattesplietere te Roesten
1462;met 't te trekken, de marchang kwam et alen van 't stik (= het veld) en 'kwas 't ik kwijt
1463;in d'tied, de boeren hielpen doavan mekaar
1464;en o' dat e kee kwam dat da moste 'etrokken zien, van de bende, die prijzen 'oogden alsan
1380;maar gelijk of dat nu uutgerekend en gedaan wordt he, de marchands doen juuste met je wat dat ze willen
1377;en a't vriest, 't water zakt e 
1378;ewel achter den eersten oorlog is 't laatste endje hier toegedaan
1379;'s winters en de boeren,allez, in 't algemeen 
1490;en met de eerste vlage ie was dood
1513;eigenlijk in 't echt Vlaams moet et 'vlegel' zijn he
1515;o't de leidinge goed is, die doorzicht eeft, loopt het gesmeerd he
1511;maar anderzids gebruiken wij hier ne speciale roetsteen daarvoren he
1512;maar nu moe'n wulder dat inhalen
1514;een jaar voordien moest hij afgedaan zijn uit de bossen he
1493;en daarom hij is vele meer meester van euh-
1491;binnen een jaar hij gaat zijn retraite hebben enee
1492;ewe van de noene hij zegt: waar gaan we 't achternoene
1498;mijn vader, om ons zekere te d'overtuigen da da voortkwam van veugels, hij zegt, kijk, da's waar ook,…
1497;amme wijder moesten een nestje zwijnejongen leveren, me woonden, ja meer of een half ure slechte strate
1499;en nu wordt et getrokken met de machine, van den eerste keer in bundels
1500;en voor dat die terwe boven was, stond et al vul met moeregas zeggen we iere e
1519;maar omda 'k ik riep, ie stopte direct he Frans
1516;maar anderszins, aje gie tot vijftien jaar na schole gink in mijnen tijd/ da was lange
1521;en als 't er een es die 't een of 't ander nodig eeft hij haalt dat uit
1517;zo, a'k der al een alveure zat, ie kom bij mij, ie trekt aan mijn ore
1518;en amme in de lucht kwamen, ie wa rat (=helemaal) af e
1520;van atie ankwam, ie stook em in e grotere vitesse
1471;"En in 't begun; aja, een beetje kort zitten in financiën, nje voor nog zuk gene stakemeulen kunnen maken, ij maakte zijnen eerste meulen op een driewielkarre, teneinde dat ie em koste draaien nje om alsan met de richtinge in de wind te zijn"
1472;en ip ne zekeren dag, ne zekere maandag, ij was 't 'n ne keer gepakt
1501;at der e keer 'eren kwamen of 't een of 't ander van die grote commercanten vo die 'ingsten en die die prijskoeien en die prijsstiers te kopen eh, zieder zoten ton te smoefelen
1502;o 'k ik mijn eerste communie gedaan en, Polleke, ik 'en e paar schoetjes aang'et van een 'alf frangsje
1547;en daar hen ik toen begunnen euh dink euh euh ja accrocheur spelen eh
1546;ja voor den anderen oorloge ik ging ook mee met mijn vadere
1549;lijk tot Ryckeboers, zijder ebben een rossekot
1548;en ommenekeer hij et nu zelve een nieuw zwijnekot gezet
1474;o 't ie 'ier toekwam in Lendelé, ik was te kleine voor bij hem- nee, ik was al te groot zeker voor bij 'em te zitten
1475;mo on ze kalveren, hij laat de kalvers zuigen, dus ij levert geen melk meer
1473;en nu de laatste tijd is het o zo achte naar tiene
1550;van a'me up de wereld komen toe mijn zestig jaar, a'n ik veel meer agrement in men armoe of da'n 'k nu en in me weelde
1551;o'n wieder nor us werk giengen ee, wieder adden e botter'am mee met e bitje smoet derup en en vuf centiem kaas
1552;en alle dagen deien zieder messe
1525;en vanachter eeft et een wiel
1522;en o't 'n droge was wierd j' ingehaald mee te koeien
1523;en ton wier et upgeraapt, schoon uutgeschud
1524;en ot den boer 's navonds thuuskwam van z'n werk moest ie no de delte goan en z'n boendjes oai bienden en z'uproapen en no de peirdestal voeren
1504;als ik de gendarmes tegenkwamen he, ik mocht op strate lopen
1503;Binst den anderen oorloge was ik in Oostende.
1505;alle nachten zaten wijder langs da - met een of twee langs da water he
1506; sanderendaags 's nuchtens ik schudden me net uit, voor die palink te zien
1479;in 't Vlams en kan ik et nie zeggen
1476;In Brussel Vlaams zou 'et moeten Vlams zin al dan ze kunn
1477;gewist ja, nu is 't ie van ik
1478;over jenigste jaren goeng ik gaan werken naar een zoutfabrieke
1480;en nu, zeit ie, en peis ik nooit van niemand niet me
1481;a' n'een ander mens, die jonge keirels acher pientn goengn zettign wieder ons te werken
1533;en daarmee was 'ij te Poeke op 't kasteel als ze 'em bombardeerden e
1532;en zonder 'eerlijke rechten en is het geen 'eerlijkheid
1526;en al met ne keer 'ij sprong recht en ie riept
1527;op ip ne zekere nacht, ne zekere zomeravond zat 'ij were te dromen aan zijn graskant
1528;en 's anderendaags en zij 'eweest kijken (1)
1529;en 's anderendaags en zij 'eweest kijken (2)
1530;en ij is dan/ in 't jaar vijve/ est ij verhoogd
1531;en nu is 'ij heel 'ersteld he
1494;en ton achterna ie wordt al afgesneen (?)
1495;en tusschenin, ie greep ton de benote
1538;omdat hij t'oud was moest ie zijn ontslag geven
1539;omdat ie naar Frankrijk nie zou gaan most ie voor nie' weunen, da weet ik nog goed
1534;sommige dagen most ik Vlaams spreken
1535;en andere dagen most ik Frans spreken
1545;hoh, 'n eersten da'k tegenkomme steek ek et mes in zijnen balf (= buik)
1541;en waar da 'k ik in 't collegie wa van over de grenzen van van Kaster, mostet daar van d'eene gemeente op d'ander gaan
1536;wel in vijftiene ben ik naar Oudenaarde gegaan
1540;in de wintere ad ie vijventwintig frang te maande
1542;en van tevoren, aja, kwam ij daar ook geld van
1543;en a't ie gemaakt wa diene put, 'ij begrootte da
1544;maar nu 'n oorde gij da nie meer e
1537;azo ad ie kontrole wie dat er zijnen Pasn g'oudn a op da briefke
1482;'k zegge dat ervan komt dat wilt, trek ik mij drin
1496;in den oorloge, wieder adden heel den oorloge soldaten
1507;den eeste keer en ik mee geweest me Gusten Meyers
1508;en tjaar vierentnegentig en ek meegeweest me paster Broeke
1509;mo da eerste jaar ad ik onderdenzestig punten ip tweeonderdentwintig
1485;en als ik azo in companie benne, ik lach geerne een beetje lude azo ne
1487;maar euh o'k euh, ton daar e keer op lette in de messe, in d'offerande, ik zag da
1484;natuurlijk ik kan daarvan zovele nie vertellen
1483;ondere andere ier ik ad er ier een stief schone liggen hier met de Komenstraat op
1486;maar nu het is ook al veranderd met t concilie
1488;en a'k 'et uitrekende, ik had ze beter afgetrokken ee
1489;over tijd gieder weunige daar ook he
1554;en o je een beetje zere rijdt, ij moet weten van voortdoen
1553;ja, o'k ik e joengen was wieder gingen do mee gaan poaling stekken
1510;daarin heeft het slecht gegaan, alhier toch he
582;me zo nen tied, je moet al wel peizen dat je smid zoe meugen zijn
598;en om die auto' s te draaien je moeste do derbie zien
580;tandis nu je kapt et al van tevoern en je last et terop
578;a m'en groot stik moesten maken, me moesten begunnen
588;en met die zolen je moest den toer doen
568;de njoe wagens me maksten he
583;al 't alaam voor ne garagiste me moen en
572;zelve, z'en ier zo lange eweest lijk nog een ander van mijn zusters ie efrekanteerd is van ene en z'es ton dermee getrouwd
590;om te begunnen, z'an e grote open zole
560;en derip me nagels, o de nog ne ke nagels die emakt waren met den and
569;zelve up westen ze kusten de meuren van de parochie ol zo wel of dat ze n'uus kenden en ze de'en ier 't ravitaillenet van heel 't front
571;en op tien meters van ier, 't was op e grote kamp, z'en do under g'installeerd 
574;en van do me zin gegaan in d'Ardennen
585;in Bavinckhove m'an e kleine societeit van anemelkers
596;bon, overtied in de smidstied m' an wanmaschienen
601;in oeze stiel, m'an ton nog - 
559;nu me zien mo juuste meer me twee stieldoenders
561;heel de winter me mosten... (onverstaanbaar)
562;'s nuchtens amme deuregoengen, ze waren nog nie ip
563;s avonds amme thuiskwamen, ze waren al te bedde
564;overtied vor 't jaar veertig m'an nog overal (onverstaanbaar)
565;on ze deure goengen 's nuchtens van te vijven ze keerden mo weere 's novens te zevenen van ulder werk
566;tegen da ze zekere warm waren, ze waren al warm in e keer
567;en 's navonds in de winter, me mosten ton al t'uzen werk maken vo de wagens
570;en iervoren z'en alle weke in grote camions edoan 
573;mo in oeze joengers, me goengen binnen binst den achterennoene en me doken us in 't dak om te ziene no de cinema
575;en achterno z'en mie gezonden na de wagenmakerie
576;overtied en me - 
577;nu me zijn in 't jaar 65
579;tandis nu je kunt et ol me de -
581;tandis nu je kapt et al van tevoern en je last et terop
584;overtied me goenen na d'hanekamps
586;en 's navens ze gaan deure
587;en ton twee dagen achterna z'en ze boven gekregen
589;voor da ze 't nodig an, ze blonken de sole
591;be over veertig jaar me mieken zulke snuufschippers
592;nu met ulder meschienen om butterapen te planen een me e kee, ze peizen dan ze etwa uutgevonden en
593;achternaar z'anne nog veel ander tuig
594;ah nu z'en maar een meulen me in Kassel
595;bon, overtied in de smidstied m' an wanmaschienen
597;overtied, m' an de plooimmeschiene
599;en overtied / ze waren misschien de boare over om dat 't inventeren
600;mo binnen 20 jaar of binnen 30 jaar / ze gaan nog altijd gelijk zijn
602;en overtied m'an - me moesten -
603;mo de menschen, overtijd ze waren blie d'an ze gat an in 't iezer
604;overtied m'an ook e draaibank, me meugen nie zeggen da 't geen waar was
605;aswel overtied me mosten nog fraai vele bollen maken
793;maar meestendeel waren ze algelijk al-
796;ewel jong, in 't algemene mocht je zeggen nateurlijk dat dat allemaal ouderwets was he
800;maar toch moe je ... -
791;waarvolgens da je wilt affeseren, o je wilt zere affeseren, g'mocht er gemakkelijk viere aanleggen
797;als dat ne keer begint twintig tweeëntwintig graden koude te vriezen, me zouden ook uit ons bedde nie meer komen he, haha
799;maar aje (had je) korte bedden go je da nie lichte [over] he
802;ja o je aan 't ende komt eh /  ge kunt, ge draait u jemelle e
804;en on der blazen ipkwamen moest ge ton mee nen ovenhaak daar die blazen nateurlijk - die lucht uitstekken he
807;maar geweunlijk houten pinnen sloegen ze daar deur eikene
795;en aje daar azo een voer - iedere keer da' je een voer binnenstak ge mocht da' trappelen toe 'n avond zulle
798;maar geweunlijk stonden ze per twee
787;och da zakske zand deden ze azo mee in uldere zak
786;anderzieds kreeg je daar geen snee in
794;hier en daar had je zo nen 'outen vloer
806;van voren aje daar ton e slot aan, dat dadde in malakaar stak he
785;en ton adden ze nen aak in under linker'and
788;wel o't heel rijpe was, of o'het, dat nog groenachtig was he, ge mocht het nie kunnen doorduwen, 't moest hard worden he
789;ton mocht je gerust dat inhalen
792;en nateurlijk als dat uitgeslagen was legden ze dat ton open
801;... Vooraleer da je wilt melken moe je toch je handen goe wassen
803;neen't, o' da gezaaid was reden ze in de veuren mee ne speciale veurenploeg
805;en ton snee je da deure in de midden en ge deed daar beuter ip of smout
790;maar volgens da' je wildege e, g'had er van twee en g'had er van drie he
607;voor een huis m'en land genoeg e
612;anders me gingen voortgaan tot Lisieux
614;met 'n autobus/ ze zijn nie al stief gentil om u 'n 'and te geven
606;en ton van 't Boerenhof we zijn voortgegaan in 't jaar euh in  't jaar dertiene
611;van daar me zijn gegaan naar Orléans
608;ma 's anderendaags me zijn gegaan na Lourdes
609;s nuchtens me gingen na de kerke
610;ma 's achternoens me gingen gaan wandelen in auto
613;maar seulement 's anderendaags z'en moeten de docteur doen komen
615;alle zundage zijn we op straat
616;en toen z'ad ommedaan, baja, zegt ze 't is mademoiselle
617;in den tijden me kosten nooit -
689;'k gaan zeggen, die pachten, naarvolgens de tijd toen, en naarvolgens 't gene da me voortbrochten da 't waard was, waren ze beter of nu
690;moar als 't tevele begost te schelen, me lieten oes alijk ip oes gat zinken wi
691;ols ze da lijnzaad nie schone even dikke overal zaaiden, a je nateurlijk-
692;a't nie overal gelijk was, aje striepen da dikker, te dikke stond
693;a't te dikke staat, a je veel minder kwaliteit, en als't te dikke staat ook
685;en nateurlijk ze mosten ulder stutten mee doen he
688;nu - en azo jah, zitten me in nen helen anderen tied e
696;nateurlijk, aja aje boer zijt, je moet je t eten zoveel mogelijk trachten af te wisselen e
694;de laatste jaren da 'k boerde, zaaiden me ook al met de machine
684;en o'm e gedaan adden, je bracht nog zukken zaksje zaad
686;en 't jaar nadien amme ton doar tarwe in e vent
687;en as die room, die dikke stijve room daarip kwam, ze staken da dan af he
695;vroeger en gingen me da nie tegenkomen
624;om 's wille je zoud ommevallen van den geur 's nuchtens
626;tandis nu ze smijten ze derin met 't land en de moeze en 't is al derin
620;en aje der zes vierendeel tot twee gemete op een dag dee, je moste vele stoptjes zetten we
627;a me een keer begunde me stoegen nower voren meer 
633;en was 't om te werken op berrens ze staken toen de wiels derop
634;maar a je jong was, je ging 't misschien nog doen enee?
640;en aje mistede, da je nie derop en was, je moeste were, were nieuw geld leggen
639;in de schure, j'ebt, j'ebt, j'ebt de schurevloer, waar an ze inrijden
618;bah nu, z'en nu nog nulder mekaniek staan om butterapen te zaaien
619;overtijd ze deden dadde
621;en 's nuchtens e stoeg op ten drieën tot 's avens ten achten om ze mate te kunnen pikken
622;enee lijke nu ze doen 't nu nog assan dermee
623;s nuchtens te vijven me stoegen op
625;en in dien tijde ze waren stijf weiger over al nulder beesteteten, enee
628;mijn peerden 's nuchtens te vijven, zoneure (= dageraad), me mosten weg om 's navens thuis te zijn op d'eure
629;'s navens te vijven, oud eure, me waren thuis
630;'s noens m'adden een eure om 't eten
631;enne a'me thuis kwamen 's achternoens entwanneer ten drieën'alf, me laadden daar nuze voeren om 's nuchtens were deure te gaan
632;ja in dieën tijde, j'adde toen vichtig frank voor d'ele campagne meer edaan 't 'ebben, Maria God toch!
635;in dien tijde ze mantelden ze nooit
636;tandis nu, ze breien, ze ze gaan achter, ze namen een maniere van een velo daar om dat al te doen
637;overtijd, ze waren zindelijk enee, nom de tonnerre
638;enee, a ze opkwam met neur zatte op den tes, z'ield de zatte krom, met neur grote duime derin, 't was er minder om te schenken toen
641;overtijd ze bolsten langsten de grote route of n'importe wiene,
642;achter am zulder gepasseerd 'adden, a d'r een peerd epasseerd adde, a't zijn mesch gemaakt adde, me waren al d'rop met uze musschetrapen en me waren daar gerust
812;en daarmee me meugen nie vele meer skieten
813;en daardeure meugen we meer naar de peirdekoerse
820;vo terwe moe je 't opentrekken e
843;maar om wel te zijn ze moeten tope blijven e
810;a 't nen anderen troef es moeje altijd volgen
811;maar als het zot is, moe je nie volgen, nje
814;en o tie goe kan lopen da je 't zeker weet, ge kunt nog e keer 100 frang wedden e
819;als 't vo lijnzaad is moeje 't natuurlijk fijn leggen he
830;en o 't azo nie woare, me zoen nooit nie meer skietn
831;a de vrouwe zegt, ge kunt nu ne keer gaan schieten, ge zoudt geen keure meer 'en
832;ga je naar de voetbal gaan kijken en 't is ne speler die u nie aan en staat, ge, ze zitten daar te sakkeren
833;aje azo twintig scheuten et, ge zoudt wel twintig pinten moeten drinken
842;ewe a 't nen enen 'n anderen elpt ze zijn dan zelve naar den duvele
836;ieder scheute moe je toch gaan achter een verversinge
825;en met u zegelkes koste da bekommen
827;en met die pikdesser g'et ook ne keer ietn g'ed
808;anderszins moe je altijd volgen
835;maar anderziens eje tefrente (=enkele) jonges die nog, die komen schieten zulle
824;n'ene keer kosten ze meer eten of de andere keer
826;waar dat er en twa was, ze trachten da vaneigen bij te krijgen e
838;ah van ip de bane kunde ze nie zien
839;van in de statiestrate kunde ze nie zien
840;ewe van daar kunde ze zien
844;nee van ier zetten m'aan
809;maar nu zij je nie verplicht
815;achter 'n oorloge en we met muile-ezels gewerkt
816;daarachter em me ton een peird gekweekt
817;en ton en me mee peirden begunnen werken e
818;en nui zoeje willen werken me u peirden juste lik met uwen trakteur
821;deurgaans met wa vorst zije betere
822;nui nie meer ma ton, ja, ton bakten me zelve brood
823;en dan most ge bakken gelijk een bakker
828;en in tussentijd ge zijt et gewaar e
829;en in tussentijd en m' et gewaar gewist e
834;goh alle avonden zaten we deraan in de zomer
837;en tegen da we were kwamen we waren verbrand (= we lagen eruit)
841;en tegen da 't 's anderendaags te zessen wa waren we in Halle
478;en toen o't nie en waaiden, we pakten 't toen een klein beetje gemakkelijker e
479;o't er gin wind was moesten we, kosten we nie werken
477;ja de maandagnuchtend nje, z'adden ne zere nje en 't spel begoste.
915;en de menschen daardeure ze zeggen o dadde, 'o'k ik ezo meer kun'n verdienen met te goan werken, ehwel ze meugen mien ofsteeke en
906;en o je kun je bloemen planten, je meugt eigenlijk toen zeggen da je ovenier zijt
908;en o je da kunt, je meug zeggen (1)
910;en o je da kunt, je meug zeggen (2)
911;o je een bitje je werk ku(n)t, ze laten je stille
913;ze zeggen o't regent, je meugt bin stout in julder kotje gaan
914;enei o je lin stief koud an julder an of julder voeten et, je moe ze maar e keer gaan warmen wei
918;o je te vele derup sloeg, je goenk de snei van je pekke lam moaken enei
919;en o je gie azo een ende verre moste, en lei daar geen reke over, joa ma tegen da je gie e bitje verre was, je voer was om ewipt ene
909;en al die kleureschakeringen moe je altied en enei
899;nu de lange lesten, ze stoegen up 
903;maar andersziens emme wieder elk zn eigen vast kerkhof
912;ja natuurlijk m'en-
917;anderzieds je goenk nog je benen ofkappen
922;ein teerste, ze goenk ook omme
916;Maar ier me kunnen koren kweken
923;Beinst n'oorloge enei, je n'a gin kolen enei
900;en oe lange da ze daar al leien, en wisten ze nie
901;en tegen dat 't noene was, waren ze were thuis bie nuldere gelukkige ouders
902;en in de winter moen me ezo die kerrkhoven nie onder'ouden:
904;en toen up e leste en ze toen naar Engeland na 't schole ewist
905;en dan je moet ton zien -
907;toen meug je zeggen 'k ben ovenier
920;en o' die repe provisoor vaste was, ze goengen toen na boven 
921;en o't e een beetje scheef stoeg, ze zetten toen schoren tegen
703;o't er nog een two 't een of 't ander in de weg lag, ze zeften, ze verheftent eh!
713;en van deur da nat gas te lopen / den andere zundag ze waren gekruld
707;otn doste no de koer gaan eh, w'on ze te pakken
709;om een twien zagen kommen, e we vlogen binnen juste lijkt zeggen ze
714;en o da goe were was, we goengen ze ton opgelaan
716;da je nu moeste twee cente geven aan d'joengertjes eh ze zoen zeggen: pepe, wa voor e geld - is da goede geld misschien?
711;e nateurlijk, me waren al droeve rakkers
697;Vossens meulen is gezet - in 1900 zijn ze deran begonnen
698;de zaterdagavond, just voor den 'oogtdag van Sinksen, wast'n meegekommen mee twee 'eistenaars, meenen bootje, en nen drageur e, de zuiger dawe zeien e
699;ot dien boot do gelopen kwam, eh, je snokte de kabel vaste en je begost em in de dinge te draaien, in de schroef te draaien
700;de laatste drie weken wist 'n van, e we, eetn geleden aan de prostaat
701;a de tieë 's avonds te negenen was, goegen ze gernaars gon vangen nateurlijk
702;an ze thuiskwamen uit den duinen, dan ze no zee geweest adn, z'an ton e schip gezien in de middeld van den duine
704;binst da me bezig me melken waren he, me kosten zo goed melken of mesten
705;en amme ton gedaan hadden bi de beesten te voeieren op 't of mosten we ton ginder vanachter op de weien ze
706;en otn ie 's nuchtens weggoeng waren ze nog nie op
708;omme thuiskwamen w'addn genen 'orink nie meer eh
710;en omme ze zagen kommen, we kropen onder d'oektvinne van benauwd'eid
712;in de wienter ze dosten wel ne keer onder water lopen
715;en amme 's navonds thuiskwamen we, me waren vele zwarter, vele zwarter of de mart
717;nu zeggen we 't Zoute eh
948;zodus z'adden ook geen smids mee nodig
929;in de plekke da me zeggen, ja, 't is rugge, we zetten derop beten of bonen of 't een of 't ander
935;woei et te vele, ze kosten nie uitgaan
936;woei et nie enoeg, ze kosten ook nie uitgaan
944;nee, had 't een schuilplaatse geweest, we gingen 't misschien beter weten
950;lik nu als 't slech were is, me moeten derdeure
951;zo aje gie vierentsestig zijt ge zij geen van de jongste me
952;an ze zeggen je moet nachtdienst gaan doen, je moe 't doen
945;en met de dragonders en twee Belgische gendarmes ze deien oes weg na Veuren
924;nateurlijk we mochten die keerste nie aansteken van thuis naar zee
926;nateurlijk, gauz, j'et toen euh-
928;ja nateurlijk m'an ook nie veel 't eten
931;en nateurlijk z'en getracht geweun weg te krijgen maar 't en is zo erg nie meer lijk vroeger
932;nateurlijk in al die kleine straatjes enei ze vliegen ma deure enee en patat
939;ja nateurlijk me waren 't gewend e
940;zo nateurlijk ze gingen ton na de winkel met 't boeksje e
942;of anderszins z'en adden 't nog nie die 12 frang in e weke
943;enne nateurlijk ze gaan naar Vuren oftewel naar Nieuwpoort
954;en nateurlijk j'et toen je net nevenst je
955;maar nateurlijk ze moeten bijten he
933;nateurlijk in al de kleine straatjes e nee, ze vliegen maar deure
947;en van Veuren zijn we ten gegaan naaar Buiskamp
925;want a me vader ging gaan gaan werken, me waren-
927;en toen in de wintre ze dasschen
930;'t is te zeggen, in den oorlog van veertien-achttiene, j'adde gie d'ofstee de Boogaarde
934;in de wintre, nateurlijk, ze zeggen 't is geen verkeer
937;toen os 't leeg water komt, nje,  gaan we gaan kijken
938;ewe nateurlijk 'snavonds we gingen toen naar huis met e korf vis ip uze rik
941;ma nu zieje da allemale nie meer
946;en 's navonds e ja, klare mane zijn, en schoon were, gaan me kee gaan kijken naa dien abri
949;e ja on 'k ik toen nog naar dink gegaan zijn, naar Frankrijk, naar de suikerfabrieke, eh we bleven ddaar drie maanden en half toe vier maanden e, toe dat de compagne af was e
953;en morgen zij je van de planke
963;en deur dat effen is, ze sluiten schone
957;en aje die slopingspremie niet en 'et, kun je die ver'oogde provinciale premie niet krijgen
958;en aje op de lijste staat van veiligheid en gezondheid mogen ze je -
962;en de grote, an ze een beetje kunden werken, ze waren bij een boer éh
966;aje gie een beetje van een dak moet dekken, je moet aast de hele streke afdweilen (! [afdwegelen])
967;en a je toen in de plekke van naar 't Blauwhuis rij en de keizel volgt, je komt ton weer uit op Vinkem enee
968;nateurlijk aje dertegen klapt, moe je in 't beschaafd klappen en je mong goed open, gauw
971;maar anders en weet 'n niet, niet
959;maar in die raad eb je der toen nog bepaalde die 'estemd zijn
969;ja en in Brugge zijn ze nog zo rap niet we of in 'Olland
970;in 'Olland zijn ze daarin vele rapper
956;en binst da je de die gebruikt, je gebruikt geen andere
960;en nu ze leren tot dat ze achttiene, negentiene zijn, eh
961;en van in september voorts ze wachtten daar de koeien
964;en dan ze lopen
965;ewel, 't meug nu regenen en als je ze naar 't stik evoerd ebt, je moet nooit scheef kijken
487;eigenlijk vo koeien t'houden je moet nog een bitje land en he
481;anderzins, a'me bachten de scheure kruipen, me kunnen der bikan nievers meer an e
491;on ze gin vlas staan an, ze n waren geen boer
493;en euh aja, o't da daar een maand of twee gestaan ad, da dadde goed droge was toen, z'aalden dadde weg e naar de scheuren, naar de vlasscheuren
494;en als da toen helegans droge was, ze bonden dat toen were en euh
482;aja ne meter of zesse zeven in de wee zouden me kruipen e
484;jaja, voor vule zwijns meugdje wok proper zijn
483;en aan weerskanten zouden we tien koten en
480;en a'k toen da land kwijt was daar over een jaar of drie-viere, we 'en toen nog een stal gezet van twaalf meters lank en tiene breed
485;en toen op et einde van december kun je ze nog een keer ebben 
486;24 uren later, ge moet der nie meer naar kijken
488;ewe ja, binst de zomer we laten ze buiten ip 't ges
489;en ewe ja, binst de zomer laten we ze buiten op tges 
490;in 't eerste da we zwijns 'ielden, me verkochten jongen aan 300 frang 't stik
492;overtijd, met d'and, ze sloegen [...] ze sloegen dat uit met den hamer he
495;de lemen overtijd ze maakten dat met vier in de roterijen
496;maar nu, aja met de nieuwe industrie ebben ze daar iets op gevonden
974;oje toen e klein meisje was, j'ad drie frank in e maand 
975;en oje toen e groot meisje was, j'ad toen zeven frank
980;o'me eerst e roendje gedaan en me uze muzevalle me gon ton rondgaan
981;en was je in e groot pitje, j' 'adde negen frank
995;en durven ze je pakken, me gon je were wegtrekken
989;nateurlijk, ze kosten wel weg van de babienefabrieke, ten lagen do gin balkens
984;en in die kerke kost je alle soorten van beevaarten doen
986;mor in d'ogestrate a je toen do 't begienhof
994;en in Calais ze deiden 't nog beter, ze giengen zieder ton achter mien vint gon gon zoeken
991;en in us armoe w'an alijk nog leute 
972;eerst gingen we up 't veld gaan werken met de machine in 't strooi en allegare toen gauw
973;en o'm o't o'm uutgeregend waren, m'an toen veertig centiemn
976;twi maanden vo karnaval, me begosten slunsen te maken wel - voe te mascheren e
977;en de zundagnuchtend - de zundagnavond ze waren deuregedansen
978;ton m'an nog elk een alf franksje
979;o'n der nu maschers binnenkommen, je moe zien dame buten zijn wei
982;en o'n ze binnenkwamen, z'adden dovan a drie frank verdroenken vo drank
983;en roer mor up roer mor up en o't da greed was je koste etwien doodsmieten dermee
985;achter den tienen kost j' 'ier nie binnen
987;tegen da je gieder groot was, je was gie al-
988;nu kun je da nie meer deure
990;o'me in de poorten van van van van Saks weunden, m'en nog moeten planken vo ze deure zetten da 't water binnenkwam
992;achter den eersten oorloge m'en wa tegengekommen
993;no do, ewe, bist da me da waren, w'en daar een endje geweest, me moeder kom af met de jonges
850;en als krachtvoeder kragen ze meeldrinken van rugge, avere, gemengeld
860;zodus, me goten die gist in 't meel in een putje geschept
863;zodus ge moest een goed alve'eure kneen
846;en an ze heel de weke gedossen an en od eene man goed gedossen a van 's nuchtens vroeg tot 's avonds loate, kostje ton azo vele eh -
876;mor aje twi peirden et meug je standvastig zere voortdoen, rap
870;tot driemaal toe moe je da doen
852;en anze ton dossen mee drie vlegels kostje dad een kwartier oren kloppen up die, up die -
867;me koeiestront plakten ze da vul
861;en bie de rappe boeren, under eerste straat dan ze destigen / stakken ze ton bovenup vor een gewichte 't eene
859;vo te beginnen, nateurlijk je moe de trap van de zolder alen
869;ja nateurlijk baktigen me taarten ook, me dejen dadde ook zelve precies
847;ma bie ons an ze goed de kost
853;en up een barnevloer kosten ze best dessen, en best uutdessen
856;woar dat lammersteert was mochten ze 't stokken mee een 'alf gemetje
857;mo bie de goe boeren, wo dat lammersteirt was, mochten ze 't stoaken mee een alf gemetje
851;mor in wak were kosten ze nie dessen up een lemen vloer omdat er groan inplakt
855;en bie een bitje gas, das al, doptigen ze da in 't woatere en dat up dien- 
877;en in oenderd doagen moesten ze vlas èn van dertien anden lank, dertien vuisten
845;en toen moeje zekers j'n stroot aanleggen, Gaston
848;en ton aje de boerderië
849;en o'n de koeien gekuust, euh gemolken waren, kragen ze ton udder eten
854;en o'tda boendje gebonden is, ze kunnen mor een klein bitje mee ne keir uutkriegen
858;en ton deeën ze 't weerom open
862;en in den ouden tijd a'me biergist an, gingen me no den brouwer achter een kanne gist
864;en ota gekneed was ge liet dadde een eure rusten
865;en binst ging je na junnen oven
866;zo aje'n nog een eure - een driekart j'n oven an 't branden is, ge go weren no junnen trog 
868;en tonnen ze maggen 't no de kelder droagen
871;en on ze deruit kwamen waren ze twee tot drie viengers dikke
872;nu zijn ze veel te lekker e
873;o te rugge gepikt was, wierdje onmiddellijk, onmiddellijk 't doags nadien geploegd en roapen gezaaid
874;o't d'haver weg was, reden ze ton rond, ma niet diepe
875;mo nu zie je da nie mer e
729;en als 't 'n bete 'ad he, je koste nie snakken
737;als 'et toegenaaid is, je steek et in t watere
744;a je 'n der vanboven aftrekt, moe je toen nog vanboven toedoen
727;Als ze na Duitsland gingen, altijd kwamen ze ierboven
741;en ge moet gij toen de de mate van e peerd, moe je toen op d'oogte van je leeste zetten he
731;nateurlijk, z'en nogal redelijk moeten vetten he
725;En aan Breninge z’an daar die – z’ an daar duukboten mee
728;en boven oes - we zagen 't schone gebeuren e - boven oes liet 'n e bomme vallen
735;z'en ier op 't kerkhof en ze ier toen ier e Duitsen officier uit - uit e grafkelder gehaald
740;en vanboven doe je da toe
743;"ier zeggen ze ""knippers"""
718;Op een uchtend, ten drieënhalf, ze schoten in -
719;En al met ne keer, ze schieten in zegt da vromins tegen eure vent
720;op een zeker moment ze beschieten die batterie
721;maar op 't moment, m' oorden een schuifelen boven ons hoofd
722;en al met e keer me zien e planke naar boven gaan
723;Al met 'n keer, ze schieten.
724;Maar op e zeker mom- op e zekeren keer, en ze die aven geblokkeerd he, d'Engelse?
726;en de maand nadien waren ze daar met de Vindictive
730;van as 't water af was, e'n ze kunnen boeren
732;'t et ier vroeger jaren, 't jaar 1900 zeker en ze ier e fabrieke gezet, van stenen.
733;s navonds, ze gaan daar weg
734;en op zekere nuchten, ze schoten - 
736;en in twee uren waren ze verdeeld
738;en dan naai je dat toe
739;en toene moe je da maar juste toeplooien
742;als da gedaan is je pakt toenje knippers
745;en als da gedaan is, je zet toen j'n ijzeren sloten derop
746;en toene, pak je een voor een planken
747;maar toen moe je e beetje voorzichtig werken
748;toen pak je de brugge vanboven
749;vroeger pakten ze leren bruggen
750;en toen zet je de kappe derop,
751;En vroegere, as mijne nonkel leerde, waren ze daar zo weiger van he
752;en nu en ze geene
753;vroeger mochten ze nie werken
497;maar 'k zegge daar zie je der niet he
502;oi dadde 'oort zeggen, ge zeg dat is zo zot of dat ma kan zot zin
505;o'me binnen vijftig jaar nog een woord Vlaams spreken goan me een maand bak en
506;en aje da van vele dingen nagaat, gaat da daarnaar
509;aje lange lange derna lustert he, e je 't nog nie al mee
510;en o je kunt ge kunt et he
512;mor als nen 'ollandre Nederlands sprikt eeh 'oor je niet wat dat 'em zegt
513;en on die mens n'een betere welstand eeft, je gaat de moed in de kop kriegen en die aardige tale gaat em verveelne
516;en aje meedraait met een turbine nje, bluf je daarin
517;mor aje nie meedraait wor je deruit gezwierd
518;ewel o je gin Bruggelienk ziet, zieje boer
519;maar aje een kaoetsjoetje pak die gebombardeerd is en ge duw et tegen ne veistre plat en ge laat et los, ge kunt er je veste aan hangen
520;oje wil kunstenare in de weireld zien, ge moet een stief schoon wuuf 'en
521;moester een van den televisie naar onzen komen, je kun ne helen avond alstn 't prachtig schone wil togen, stikn da niemand eeft in heel België
523;en oje gie gin geld et ge kunt nie ut
504;in dialect kun je veel nader bepalen wat er is of in 't beschaafde
508;met het West-Vlams kom je toch terechte
499;nateurlijk ge zoe moeten zegn
511;mo ieder vo z'n zelve, ze kunnen beschaafde spreektale
515;en ook ze moeten zo luwe nie roepen he
507;in Brussel laten ze de Vlamse liedjes deure waar mee da ze de Vlamiengen kun belachelijk maken
522;in Rome enee, en an ze niemand die bekwaam was van lesse te geven in 't Latijn
498;in de jaren vierhonderd, omtrent, zijn ze 'ier gekomen, afgezakt van d'Elbe
500;nu zoen ze d'er een leger naartoe zenden en vechten lik da de duutse de(d)en
501;mor achter een klein tiedeke begosten ze alwere de gemeente te peutern om da Vriegeweed los te kriegen
503;en nu volge 'k dadde van 'olland die echte vlaamsche tale
514;en azo gaan ze d'er komn deur ne welstand
882;en oot nen schrijver is, ge steekt er dan een briefje van 20 frank in e
884;nateurlijk van als ge van den edeldom zijt ebt ge een wapenschild
880;maar in alle geval zijn ze tons latere pilaarkapellekes gebouwd
883;in Gent kunde nogal vele krijgen van Ruislee
878;en ne zekeren nacht hoorden ze een geruchte
879;en van in dertienhonderd en zovele spreken ze al van d'Onze Lieve Vrouwe van Ruiselede
881;maar in negentien'onderd en tien zijn ze dan 'elegans vernieuwd
643;o je dat e keertje edaan ad, je kunt da e
657;en aje vlas trok, je moste da nog e bitje doen likke wast 't zien most wi
644;en met één peird je kun zolen
650;en ton ol voorn, ze schrepen dadde
656;t'uses ze weunden nie verre
661;in de bakkerie j'ad alsan goe brood
645;In dien tiede z'addn outen spres (?)
646;ewe nu ip e latste, voo twientig jaar, ze maakten dat niet oal dan ze zien
647;en toen e most 'n me nie me pekkn met 'n and
648;bie nachte, ze sliepen nu- ze sliepen der bie e
649;en in 'n ouden tijd ze maakten twee stiks zie je
651;mo voor da je dat nog doet, je passeert nog altemets met een oet'n ege
652;nu j'e nu 't water courant e
653;mo 'n dag van vandage ze smitten da ip 't land
654;en dan ze kwamen om te trekken
655;ma an ze afkwamen 's nuchtens, ze waren ip d'eure
658;nu ze zoen blij zijn
659;moar in dien tiede ze waren difficile wi
660;aje nu gaat na de melkere, z'en dadde ook ma ze noemen da vermane
662;moar a kik jonk was, uh, an ze vorken adden, uh vorken me drie stokken, enni, ook otn vorkn eni, ze kaptn in d'aarde en da spreidde speciaal enni
663;aje gie in de wienter (V't?), je moet vele kennesse en van 't oet dat er bie past
664;eest steken ze ton me rakeltjes
665;nu zoun ze 't inputten
666;mo dien tijde ge moeste ze zelve steeken
889;want an de Duitse welgezind waren, me kregen van den eerste keer enen
892;de mensen zeggen nu, an ze geld en ze doen der iets voren
893;a't er een begravinge es, ze zou'n chokla geven an de jonges zekre e
897;a'n ze nie gevochten an, z'an gene zundag g'ad
890;in elk geval me liepen naar , naar d'Engelse mee gaze
894;eigentlijk, me waren te kleine om op staminee te gaan vaneigen e
896;praktisch op al de gemeenten aje een brouwerie e
885;'k zegge omme jonges waren, we stondn op met oes slaaprokske aan en we waren direkt naar de stove
886;omme wa ouder waren moesten we tons werken
887;achter de bevrijdinge 'en ze tons allemale 'elikwideerd enne
888;en anderzins, ewe ten tijde van paster Mercoup, om oezn Pasn moesten 'oudn, ge kreegt al een briefke en ie kwam ton die briefkes ophalen
891;in dezen tijd ze noemen da mee 't toerisme
895;en 's anderendaags of twee dagen drachtere gingen we tons naar eur peter in Anzegem
898;en tons lagen ze langs de strate 's nachts
529;zo, me wisten wiedre da nie: ze moesten ne rink ebben.
524;Waarda'k goeng, ze lag in een andere kamere
527;gelijk wo daje goot ze stoon al met under 'anden open
525;O'k da 's nuchtens bie komme, ze leef nog
526;'k zegge morgenuchtend is ze dood
528;oo't twintig na de zessen is, ze gaf eure latste geeuw, in een grote piene.
530;en em, met een stik in zijn kroage, je goenk daarbie
672;van die vuufenveftig ektaren, je moe rekenen veftien ektaren g(r)as
668;en azo j'hoort - j'hoort streken
682;als 't nie in oute n is, ze zijn in steen
675;o je 't past in e slechte dilte nateurlijk, je moet der ton voren egen met e eegde
679;os je terwemachine daar staat, je doe ze met de pikmachine af
670;d'ailleurs m'en wieder alsan stief wel ewest
667;in uus menage we spreken ook Frans
671;ier ze zeggen 'turbe'
673;ier in 't wree land zaaien ze vroeg
674;ja in 't vree land zaaien ze vroeg
676;ier in de grote zwoare e je der zeven in iedere bolke
669;in 't eerste jaar dan ze edoan adden, ze kunden da Frans wei
677;nu, die outen tanden, je zuut oast nie kunnen peizen wovoaren dat da dient
678;on ze klapten van te goan kusschen of bietrapen te gon kuuschen ze zeien ook: vutrapen braken, erpels braken
680;nu ze groei'n vele korter
681;om 'n oest in 't 'alen me moen alsan zijn me nen equipe van negen
683;t was een binnen en os 't ie binnen is ze zeggen: 't koor is vul
759;en in de plekke van de aan de zelste kant uit te komen, je kroop der aan den andere kant uit
760;en o's der azo drieë zulke kerels aan een karretje lagen, je mochte komen met een peerd we, je ging ze nie 'alen, wel!
757;en alleszins, zonder zout en kun je de melk uit de boter nie krijgen
758;mo zonder zout en kun je de melk der nie uitkrijgen
761;Gustje Lathm most dat ton uitwassen, oftewel me mosten 't zelve doen
756;van onderen waren ze wieder of van boven
762;d'andere vakken waar je nie verplicht van over den elft te geraken
754;"o me doar die slijkschippen adden e, ze zeien ton ""[...]"""
755;en o's 't n were gekeerd is, j'ad de zeise ip z'n linkerschoere
763;ton daarachter wieren ze koeiere
764;ton daarachter wieren ze drijvere
765;ton daarachter wieren ze derde knecht, tweede knecht en grote knecht
766;en nu, on ze nu dasschen met de machine, ze spuugen t van den eerste keer toe ip de zolder
550;en van de korte pootjes, ze zegt: 'moe'k, moe'k ake goa goan sloapen he moe'k de kortepoot afdoen?'
536;o je kout met de geestelijken, ze draaien rond de pot
537;o je daarvan kout, ze zwijgen
538;nu als ze een beetje profijt willen doen, ze zijn tegen de drukkers he
544;en o't is voor een beetje etwa te bestuderen of 't een, ze zijn niet meer thuis
545;o 'k ik in een vergaderinge ben van drukkers en zo ne, je ziet da vele gasten in die nie getrouwd n zijn
555;en van zo da je iets zei, ze trokken het mes he
556;hier, a der enige schone winkels zijn, ze liggen ollemale verscheen
558;o je daar commerce deed, je was de man he
535;en natuurlijk je zit daar in 't stadhuis
542;en ook je ziet dat e
549;maar anderszinsen je moet daarmee nie-
552;e anderzins je zijt nen here
554;wel anderzinsn ze komen ook nie
531;In Wervik ze zeggen ne stoc
540;ginter, ze waren blauwe van den honger en groene van de slagen, over meer dan honderd jaar
551;ja natuurlijk in Brussel ze kouten veel Frans he
553;een beetje voorder ge komt aan Korea
557;aan de Hoogstrate, g'et daar die schone Centrawinkel
534;en de Duitse vroed van kolere ze hebben daarmee kort vier gemak he
532;en van toen af en we voortgedaan
533;ja en nu zaterdag, nu zaterdag een we zo een kleine expositie
539;maar met de communie we zien daar alleman defileren voor wiedere
541;ma aje toen keek in de kiezerslijste, je zaagt dat e
543;de chef zei: 'voor te beginnen we gaan - ewel we gaan een klein pardoubleetje spelen' zei't n
546;en nu je moet er al eenentwintig geven
547;tot over een jaar en een half, w'adden nog ne goeie Camenbert
548;ej gie - van de zomer, we gingen altijd onze goe druiven gaan alen in 't Fransche, ee
1019;ma over 't algemeen adden ze azo een oalschuppe met e lange steert
1004;en o't da daar e dag, e dag een half ku' liggen, in goe were, je draait dat e keer omme en dat is - o je goe were 'et welteverstaan - dat is praktische 'ooi
1008;en als de patatten g'oogst worden, allez, op 't veld met u machine doar, dan moet e die zo in van die grote korven steken
1009;en o je met tweeën raapt, je gebruikt daarvoren een mande
1011;met ze ton nog tegen de wintre e kee' te versmijten en te poederen, ze zijn gekuist
1012;o je twee stappen verre zit ze zit vul me vezels
1013;en o je 'n elft van j'n age adde, je trok die spa uut en je begost aan 't ander ende
1015;maar aje ze liever et voor staken of voor brand'out, je lat ze e joar of achte stoan
1021;en o't er zoud e smaakje in kommen je zet 'n oamer derup en je kapt e nieuwe
1002;en up de scherpe krune sloa je met 't platte van den 'amer
998;ewel e, in de melkkontrole e je een onmiddellijke kontrole over de beeste apart en over de beesten in 't algemeen, en kun je ook de melkerie kontroleren
999;mo in 't geboerte verdien je je brood
996;en o je per oengeluk up e boomwortel zat of up e veloband, je moste joen in jen adamskostume zetten om je poalinkschoare te goan uut'alen
997;en dan kosten ze die boom wuppen
1000;nu namen ze dat trilbeetels vor achter de trakteurs
1001;ma sedert dat er stalen upgekommen zien/ ze zien vele lichter en vele andiger om... Om dermee te werke
1003;o je gedaan et met boten moe je van 't een ende van 't ander / na 't ander ende e dreuper woater kunn loaten lopen in da geultje da je geslegen et
1005;en a da e dag oe twee 'opperd is, je rutert dadde
1006;toen an me de jemelle gekregen
1007;en nu zien dat - met de trakteurs aja
1010;en dan emme onmiddellijk de kleene en de grote apart
1014;en nu trekken ze met drie, vier banden enei
1016;ewe olle vuve zesse zeven jaar kap je dat
1017;tegen da me 't ende komen zien ze ten dele bij mekaar
1018;o 'k ik twaalf jaar oud was, m'en in de melkerieë gegaan
1020;en euh overtijd naamden ze dat de bolpit
774;en o je okkasie ebt van te boeren, moe je zien da je al junder werk kan
778;ma laat je em een minuutje te lange draaien, z'is in pap je beuter
780;nu voor te kernen moe je een vergunninge en wi
781;als je der bakt, je meugt dat voort verkopen
784;van aje een klein beetje tegenslag et, je zoe te kort komen
768;oftewel we wierden dertegen gezet wei
769;op de koer mochten we wel maar daar niet
775;en ip e zekere diepte an ze de den deerink, zouden ze op den deerink gekommen gehad hebben, maar ze hebben zo diep niet geboord
772;en naarmate da me ipgroeiden, mosten we altied zwaarder en meer werk doen e
779;en met de reste gaan ze naar de dink e, de melkerieë e
782;en gelijk of dat da nu is, m'hebben altijd goe brood he
777;en binst den oorloge, de laatsten oorloge, en me natuurlijk ook voort gebakken
767;en als de meester zei 'Jongens, ge moet schoon Vlaams spreken,' we moesten dat doen 
770;ge kunt da wel verstaan, die mensen zaten met drie studiejaren, en nu hebben ze maar één
771;en de donderdag mosten we in 't schole ook opzeggen
773;en van amme een jaar of achttiene waren, da we bekwaam waren, mosten we ton leren met 't paard werken
776;en over winter mosten ze daschen
783;'s winters em een schoon leven
